id,type_id,offer_type_id,category_id,dealer_id,program_id,purpose_id,brand_id,model_id,generation_id,body_id,drive_id,fuel_id,transmission_id,color_id,laquer_id,country_id,tax_type_id,production_year,model_code,color_code,color_code_description,tap_code,tap_code_description,equipment_code,capacity,electric_capacity,electric_range,power,mileage,doors,seats,version,eurotax_id,torque,poll_norm,height,width,length,wheelbase,weight_own,weight_total,top_speed,accel,consum_city,consum_road,consum_avg,registration_number,registration_date,vin,importer_number,price_month_description,price,price_list,price_discount,price_month,price_month_credit,price_show,title,description,video_url,web_ext_url,web_ext_url2,campaign_id,photo_360,offer_pdf,inspection_pdf,report_auto_dna_pdf,otomoto_url,p1,p2,p3,p4,p5,p6,p7,p8,special,reserved,offer_num_external,status_id,views_count,popular_views_count,photos_counter,gallery_updated_at,ordered_at,sold_at,created_at,updated_at,upped_at,deleted_at,financing_model_name,phyron,storage_id,prepare_stand_id,storage_name,extra_number,dealer_name,brand_name,model_name,generation_name,series_id,series_name,url,photo_360_url,invoice_vat,popular,offer_pdf_url,inspection_pdf_url,report_auto_dna_pdf_url,brand,model,photo,equipment,information,tags,eurotax_equipment,specification,tires,credit_installment,leasing_installment,technical_ratings,params,generation,category,body,drive,fuel,transmission,color,laquer,country,program,photo_thumb,photo_sm,rating,description_header,description_footer,tag_ids,price_lowest,prepare_stand_json,photos_sm,campaign_name,technical_survey,dealer_brand,dealer_city,dealer_address,dealer_postal_code,dealer_phone
65307,2,8,2,53,13024,0,295,2674,2867,1013,3001,2001,4001,5012,10002,9001,1,2022,,,,,,,1498,,,120,159957,4,2,TREND,131690,,,,,,,,,,,,,,PY16804,2022-11-24,WF0RXXWPGRNB47738,,,59900,0,0,0,0,0,1.5 EcoBlue 120KM MT6 L1 Trend Kamera SalonPL SerwisASO FV23%,"<b>Szanowny kliencie!
Prosimy o kontakt telefoniczny lub mailowy przed planowanym przyjazdem do naszej firmy, w celu potwierdzenia dostępności pojazdu.</b>

<b>Poniższy samochód pochodzi z oferty GB Samochody Używane. W ramach Grupy Bemo możesz wybierać spośród starannie wyselekcjonowanego portfolio blisko 1000 samochodów używanych, mając pewność:</b>
• gwarancji pewnego pochodzenia pojazdów
• gwarancji stanu technicznego i prawnego
• zakupu samochodu od firmy działającej ponad 30 lat na rynku

<b>Grupa Bemo to jedna z największych i najbardziej doświadczonych grup dealerskich w Polsce, posiadająca ponad 30 lokalizacji autoryzowanych salonów i serwisów mechanicznych oraz blacharsko-lakierniczych w całej Polsce. Wybierz ofertę GB Samochody Używane i korzystaj:</b>
• z możliwości kontroli stanu technicznego w warunkach autoryzowanego serwisu
• z profesjonalnej obsługi przez cały proces zakupu, a także po nim
• z możliwości dobrania dogodnej formy finansowania

-----------------------------------------------------------------------------------
<b>DOSTĘPNE DLA CIEBIE FORMY PŁATNOŚCI:</b>
-----------------------------------------------------------------------------------
• Wszystkie formy udzielenia kredytu i leasingu na miejscu
• Kredyt - uproszczone procedury, bez zaświadczeń i z szybką decyzją
• Kredyt 50/50
• Leasing - nawet dla nowo powstałych firm, długi okres leasingowania, bardzo szybka decyzja,
• Przelew/gotówka (Płatność gotówką do kwoty 40 000zł - zgodnie z Unijnym limitem płatności gotówkowych)
• Pozostawienie w rozliczeniu samochodów wszystkich marek

<b>Porozmawiajmy o dodatkowym rabacie, jeśli wybierzesz oferowane przez nas finansowanie lub ubezpieczenie</b>

-----------------------------------------------------------------------------------
<b>ZAPEWNIAMY PEŁNĄ OBSŁUGĘ W ZAKRESIE UBEZPIECZEŃ:</b>
-----------------------------------------------------------------------------------

• Promocyjne pakiety ubezpieczeń.
• Wszystkie formalności załatwisz w naszym salonie. 

-----------------------------------------------------------------------------------
<b>PRZYJMUJEMY W ROZLICZENIU SAMOCHODY WSZYSTKICH MAREK</b>
-----------------------------------------------------------------------------------

<b>Stan techniczny i historia pojazdu:</b>

• Kraj pochodzenia: Polska
• VIN: WF0RXXWPGRNB47738
• Numer rejestracyjny: PY16804
• Pierwsza rejestracja: 14.11.2022
• Rok produkcji: 2022

<b>Oferowany samochód:</b>

• Ford Transit Connect Van L1
• Silnik: 1.5 EcoBlue, 120KM
• Napęd: na przednie koła FWD
• Skrzynia biegów: manualna, 6-biegowa
• Wersja wyposażenia: Trend
• Lakier: MOONDUST SILVER
• Przebieg: 159 957 km

<b>Ważniejsze elementy wyposażenia:</b>

- Klimatyzacja manualna 
- Android Auto/ Car Play
- Kamera parkowania
- Czujniki parkowania - tylne
- Komputer pokładowy
- Pojemność zbiornika AdBlue® – 17 litrów
- Pojemność zbiornika paliwa – 52 litry
- Szyby przednie otwierane elekrucznie
- Modem FordPass Connect
- Podgrzewana przednia szyba
- Podgrzewane lusterka boczne
- Kontrola trakcji
- Wspomaganie ruszania na wzniesieniu
- Sterowanie elektryczne lusterek bocznych
- Zamek centralny
- Gniazdo 12V
- Kierownica wielofunkcyjna
- Relingi dachowe


<b>PRZED PRZYJAZDEM PROSZĘ KONTAKT:</b>

<b>Marian Szynaka</b>
+48 697 031 573
mail: marian.szynaka@auto-club.com.pl

<b>Miłosz Kaliszak</b>
tel: +48 504 201 232
mail: milosz.kaliszak@auto-club.pl 

<b>Filip Szmyt</b>
tel: +48 509 254 347
mail: filip.szmyt@grupabemo.pl
<b>
</b>-----------------------------------------------------------------------------------

<b>Miejsce ekspozycji auta:</b>
<b>Auto Club - Autoryzowany Dealer i Serwis Marek:
</b><b>Peugeot, Citroen, Opel, Fiat, Jeep</b>
<b>Złotniki ul. Obornicka 4, 62-002 Suchy Las</b>

nasza pełna oferta na stronie : <b>www.grupabemo.pl</b>

-----------------------------------------------------------------------------------

*Wszelkie informacje prezentowane w niniejszym ogłoszeniu przeznaczone są tylko dla celów informacyjnych i nie stanowią oferty w rozumieniu art. 66 § 1 Kodeksu cywilnego, a także nie mają charakteru wiążącego. Wiążące ustalenia dot. ceny, wyposażenia i specyfikacji pojazdu dokonane mogą być jedynie w umowie sprzedaży. Informacje przedstawione w ogłoszeniu nie stanowią także zapewnienia w rozumieniu art. 556(1) § 2 Kodeksu cywilnego oraz art. 43b ust. 2 pkt 2 lit. a-c Ustawy o prawach konsumenta.",,,,,,,,,,0,0,0,0,1,0,0,0,0,0,,4,0,0,28,2026-06-09 17:17:45,,,2026-06-09 15:18:07,2026-06-09 17:06:21,,,,0,,,,,,Ford,Transit Connect,II,,,ford-transit-connect-2022,,1,0,,,,"{""id"":295,""type_id"":2,""name"":""Ford"",""deleted_at"":null,""fullname"":""Ford (dostawcze)""}","{""id"":2674,""brand_id"":295,""series_id"":0,""name"":""Transit Connect"",""deleted_at"":null,""series"":null}",https://webapi.grupabemo.csflow.pl/car-photo/65307/IRPf6oEIu5CFTUaU.jpg,"[""ABS"",""immobilizer"",""ASR (kontrola trakcji)"",""centralny zamek"",""elektryczne szyby"",""ESP (stabilizacja toru jazdy)"",""klimatyzacja manualna"",""Bluetooth"",""radio fabryczne"",""Czujniki parkowania"",""kierownica wielofunkcyjna"",""wspomaganie kierownicy"",""komputer"",""poduszka powietrzna"",""poduszka powietrzna pasażera"",""przesuwane drzwi""]","[""bezwypadkowy"",""pierwszy właściciel"",""serwisowany w ASO"",""zarejestrowany w Polsce"",""weryfikacja danych otomoto.pl""]",[],"{""1"":[""ABS"",""ESC - elektroniczny układ stabilizacji toru jazdy"",""Felgi stalowe 16 z ogumieniem"",""Gwarancja na pojazd - 2 lata"",""Immobilizer PATS"",""Lakier uni"",""Poduszka powietrzna kierowcy"",""Skrzynia biegów -  manualna, 6-biegowa"",""Tapicerka materiałowa Capitol""],""2"":[]}",,[],,,[],[],"{""id"":2867,""model_id"":2674,""name"":""II"",""deleted_at"":null}",dostawcze,furgon,przedni,diesel,manualna,srebrny,metalik,Polska,Grupa Bemo S.amochody Używane,https://webapi.grupabemo.csflow.pl/car-photo/65307/sm-IRPf6oEIu5CFTUaU.jpg,https://webapi.grupabemo.csflow.pl/car-photo/65307/sm-IRPf6oEIu5CFTUaU.jpg,0,,,[],,,"[""https://webapi.grupabemo.csflow.pl/car-photo/65307/sm-IRPf6oEIu5CFTUaU.jpg"",""https://webapi.grupabemo.csflow.pl/car-photo/65307/sm-ldk7YCD7qnTsErS2.jpg"",""https://webapi.grupabemo.csflow.pl/car-photo/65307/sm-za4LTHz74YJUYvg1.jpg"",""https://webapi.grupabemo.csflow.pl/car-photo/65307/sm-F37ACpHWnKpqrlQ2.jpg"",""https://webapi.grupabemo.csflow.pl/car-photo/65307/sm-9AY46OCa4wkFQcjP.jpg"",""https://webapi.grupabemo.csflow.pl/car-photo/65307/sm-vyC0Yv5Td94gNhXQ.jpg"",""https://webapi.grupabemo.csflow.pl/car-photo/65307/sm-dtKIeGrEyoJBQPED.jpg"",""https://webapi.grupabemo.csflow.pl/car-photo/65307/sm-JTo1VIkoJ4HXZNtd.jpg"",""https://webapi.grupabemo.csflow.pl/car-photo/65307/sm-ohhwHD8cBtB99gF8.jpg"",""https://webapi.grupabemo.csflow.pl/car-photo/65307/sm-LfmzB0224OdlXQGR.jpg"",""https://webapi.grupabemo.csflow.pl/car-photo/65307/sm-DhYcR67ys2Zkx4NX.jpg"",""https://webapi.grupabemo.csflow.pl/car-photo/65307/sm-ygP0vqvYkxjjycyx.jpg"",""https://webapi.grupabemo.csflow.pl/car-photo/65307/sm-tfw3xNQzXZuu1qdF.jpg"",""https://webapi.grupabemo.csflow.pl/car-photo/65307/sm-nioi2iqrFfqoDh0X.jpg"",""https://webapi.grupabemo.csflow.pl/car-photo/65307/sm-RBjWUaE43PkmwlER.jpg"",""https://webapi.grupabemo.csflow.pl/car-photo/65307/sm-qXnlVnZFGd8kvdNE.jpg"",""https://webapi.grupabemo.csflow.pl/car-photo/65307/sm-PLcvE3JRgTIn2JRx.jpg"",""https://webapi.grupabemo.csflow.pl/car-photo/65307/sm-6Nos54VqCWAl94E6.jpg"",""https://webapi.grupabemo.csflow.pl/car-photo/65307/sm-gtToAM9bQSlYE4o5.jpg"",""https://webapi.grupabemo.csflow.pl/car-photo/65307/sm-9lI5VGbLy4ALvPhm.jpg"",""https://webapi.grupabemo.csflow.pl/car-photo/65307/sm-H8J4WiWwKqlhPOmw.jpg"",""https://webapi.grupabemo.csflow.pl/car-photo/65307/sm-EvPRpjz6s0NBNKNE.jpg"",""https://webapi.grupabemo.csflow.pl/car-photo/65307/sm-jIDL2voANu5NXx2u.jpg"",""https://webapi.grupabemo.csflow.pl/car-photo/65307/sm-H264fzYEWEoQqsmQ.jpg"",""https://webapi.grupabemo.csflow.pl/car-photo/65307/sm-QzEcgOjnVDdknOMJ.jpg"",""https://webapi.grupabemo.csflow.pl/car-photo/65307/sm-gY7bVYhsQ8hkKz62.jpg"",""https://webapi.grupabemo.csflow.pl/car-photo/65307/sm-fkdYwJk3TFXatBeL.jpg"",""https://webapi.grupabemo.csflow.pl/car-photo/65307/sm-VtZphFFdttcPHHMO.jpg""]",,,Volkswagen,Złotniki,ul. Obornicka 4,62-002,618909093
65095,2,9,1,13,13023,0,35,493,2108,1004,3001,2002,4001,5013,10002,9001,5,2024,,,,,,,1499,,,150,26600,5,5,ST-Line,162122,,,,,,,,,,,,,,PY1317E,2024-09-30,WF0FXXWPMFRG08394,,,122900,0,0,0,0,0,1.5 150KM ST-Line P.Winter SalonPL SerwisASO Iwł. Vat-Marża,"<b>Poniższy samochód pochodzi z oferty GB Samochody Używane. W ramach Grupy Bemo możesz wybierać spośród starannie wyselekcjonowanego portfolio blisko 1000 samochodów używanych, mając pewność:</b>
 
 • gwarancji pewnego pochodzenia pojazdów
 • gwarancji stanu technicznego i prawnego
 • zakupu samochodu od firmy działającej ponad 30 lat na rynku
 
 <b>Grupa Bemo to jedna z największych i najbardziej doświadczonych grup dealerskich w Polsce, posiadająca ponad 30 lokalizacji autoryzowanych salonów i serwisów mechanicznych oraz blacharsko-lakierniczych w całej Polsce.</b>
<b> Wybierz ofertę GB Samochody Używane i korzystaj:</b>
 
 • z możliwości kontroli stanu technicznego w warunkach autoryzowanego serwisu
 • z profesjonalnej obsługi przez cały proces zakupu, a także po nim
 • z możliwości dobrania dogodnej formy finansowania
 
 -----------------------------------------------------------------------------------
 <b>DOSTĘPNE DLA CIEBIE FORMY PŁATNOŚCI:</b>
 -----------------------------------------------------------------------------------
 
 • Wszystkie formy udzielenia kredytu i leasingu na miejscu
 • Kredyt - uproszczone procedury, bez zaświadczeń i z szybką decyzją
 • Kredyt 50/50
 • Leasing - nawet dla nowo powstałych firm, długi okres leasingowania, bardzo szybka decyzja,
 • Przelew/gotówka (Płatność gotówką do kwoty 40 000zł - zgodnie z Unijnym limitem płatności gotówkowych)
 • Pozostawienie w rozliczeniu samochodów wszystkich marek
 
 <b>Porozmawiajmy o dodatkowym rabacie, jeśli wybierzesz oferowane przez nas finansowanie lub ubezpieczenie</b>
 
 -----------------------------------------------------------------------------------
 <b>ZAPEWNIAMY PEŁNĄ OBSŁUGĘ W ZAKRESIE UBEZPIECZEŃ:</b>
 -----------------------------------------------------------------------------------
 
 - Promocyjne pakiety ubezpieczeń.
 - Wszystkie formalności załatwisz w naszym salonie.
 - tel. 61/8-747-794 lub 61/8-747-789
 
 -----------------------------------------------------------------------------------
 <b>PRZYJMUJEMY W ROZLICZENIU SAMOCHODY WSZYSTKICH MAREK</b>
 -----------------------------------------------------------------------------------
 
 <b>OFEROWANY SAMOCHÓD:</b>
 
• Ford Kuga 
• Silnik: 1.5 EcoBoost 150KM (benzyna)
• Skrzynia biegów: Manualna
• Wersja wyposażenia: ST-Line + P. Winter
• Napęd: FWD
• Forma sprzedaży: FV VAT-Marża
 
 <b>STAN TECHNICZNY I HISTORIA POJAZDU:</b>

• Data 1 rejestracji: 30.09.2024
• Rok produkcji: 2024
• Nr rej.: PY1317E
• VIN: WF0FXXWPMFRG08394
• Serwisowany na bieżąco w ASO Ford
• Stan techniczny i wizualny bardzo dobry.
• <b>Możliwość zakupu gwarancji na 1, 2 lub 3 lata (bez limitu kilometrów)</b>
 
 <b>WAŻNIEJSZE ELEMENTY WYPOSAŻENIA:</b>

<b>Pakiet Winter:</b>
• przednie fotele - podgrzewane, z regulacją temperatury,
• przednia szyba - podgrzewana (Quickclear)
• kierownica - podgrzewana
• podgrzewana tylna kanapa (skrajne siedzenia)

* System audio z SYNC4 , DAB+ i nawigacją satelitarną – kolorowy wyświetlacz dotykowy 13.2"", bezprzewodowa obsługa Apple CarPlay i Android Auto, zestaw głośnomówiący z Bluetooth®, obsługa głosowa w języku polskim, 6 głośników, gniazdo USB, zdalne sterowanie na kierownicy
* Klimatyzacja - dwustrefowa z automatyczną regulacją temperatury
* Bezprzewodowa ładowarka do smartfonów
* Tempomat
* Ford KeyFree
* Auto High Beam - system automatycznego sterowania światłami drogowymi
* Czujniki parkowania – z tyłu i z przodu
* Kamera ułatwiająca parkowanie - z tyłu
* Reflektory - Full LED, statyczne
* Dodatkowo przyciemniane szyby – w tylnej części nadwozia
* Podsufitka - w ciemnej tonacji
* Komputer pokładowy
* Elektryczny hamulec postojowy z funkcją Auto Hold
* Pre-Collision Assist
* System rozpoznawania znaków ograniczenia prędkości
* Lane Keeping System 
* Driver Alert - system monitorowania koncentracji kierowcy

 <i>Szanowny kliencie!</i>
<i> Prosimy o kontakt telefoniczny lub mailowy przed planowanym przyjazdem do naszej firmy, w celu potwierdzenia dostępności pojazdu.</i>
 
 <b>PRZED PRZYJAZDEM PROSZĘ KONTAKT:

Robert Nieborak
Kom: +48 608 451 429
robert.nieborak(a)bemo-motors.pl

</b><b>Jakub Fengler</b>
<b>Kom:+48 728 809 268</b>
<b>jakub.fengler(a)bemo-motors.pl
</b><b>
Szymon Kłosowski
 Kom: +48 665 388 424
 Tel: +48 61 8 747 767
 szymon.klosowski(a)bemo-motors.pl</b>

-----------------------------------------------------------------------------------
 <b>Miejsce ekspozycji auta:</b>
<b> Bemo Motors - Autoryzowany Dealer i Serwis Ford</b>
<b> ul. Mogileńska 50,</b>
<b> 61-044 Poznań</b>
-----------------------------------------------------------------------------------
nasza pełna oferta dostpęna na stronie : <b>www.grupabemo.pl</b>
-----------------------------------------------------------------------------------
 
 *
Wszelkie informacje prezentowane w niniejszym ogłoszeniu przeznaczone są tylko dla celów informacyjnych i nie stanowią oferty w rozumieniu art. 66 § 1 Kodeksu cywilnego, a także nie mają charakteru wiążącego. Wiążące ustalenia dot. ceny, wyposażenia i specyfikacji pojazdu dokonane mogą być jedynie w umowie sprzedaży. Informacje przedstawione w ogłoszeniu nie stanowią także zapewnienia w rozumieniu art. 556(1) § 2 Kodeksu cywilnego oraz art. 43b ust. 2 pkt 2 lit. a-c Ustawy o prawach konsumenta.",,,,,,,,,,0,1,1,1,1,1,0,1,0,0,,4,0,0,35,2026-06-05 13:15:19,,,2026-06-08 12:41:49,2026-06-08 15:07:15,,,,0,,,,,Poznaniu,Ford,Kuga,III,,,ford-kuga-2024,,0,0,,,,"{""id"":35,""type_id"":1,""name"":""Ford"",""deleted_at"":null,""fullname"":""Ford""}","{""id"":493,""brand_id"":35,""series_id"":null,""name"":""Kuga"",""deleted_at"":null,""series"":null}",https://webapi.grupabemo.csflow.pl/car-photo/65095/S7NO6loh5pLV2IwN.jpg,"[""Android Auto"",""Apple CarPlay"",""bluetooth"",""dostęp do internetu"",""ekran dotykowy"",""gniazdo USB"",""ładowanie bezprzewodowe urządzeń"",""radio"",""Sterowanie funkcjami pojazdu za pomocą głosu"",""System nawigacji satelitarnej"",""Zestaw głośnomówiący"",""cyfrowy kluczyk"",""czujnik deszczu"",""dźwignia zmiany biegów wykończona skórą"",""elektryczne szyby przednie"",""elektryczne szyby tylne"",""keyless Go"",""kierownica ogrzewana"",""kierownica skórzana"",""kierownica sportowa"",""kierownica wielofunkcyjna"",""kierownica ze sterowaniem radia"",""klimatyzacja automatyczna, dwustrefowa"",""podgrzewana przednia szyba"",""podgrzewany fotel kierowcy"",""podgrzewany fotel pasażera"",""podłokietniki - przód"",""przyciemniane tylne szyby"",""tapicerka materiałowa"",""uruchamianie silnika bez użycia kluczyków"",""aktywne rozpoznawanie znaków ograniczenia prędkośc"",""asystent hamowania - Brake Assist"",""czujnik zmierzchu"",""elektroniczna kontrola ciśnienia w oponach"",""kamera parkowania tył"",""kontrola odległości z przodu (przy parkowaniu)"",""kontrola odległości z tyłu (przy parkowaniu)"",""kontrola trakcji"",""lampy przednie w technologii LED"",""lampy tylne w technologii LED"",""lusterka boczne składane elektrycznie"",""lusterka boczne ustawiane elektrycznie"",""ogranicznik prędkości"",""oświetlenie wnętrza LED"",""podgrzewane lusterka boczne"",""system rozpoznawania znaków drogowych"",""system Start/Stop"",""tempomat"",""wspomaganie kierownicy"",""wspomaganie ruszania pod górę- Hill Holder"",""alufelgi"",""ABS"",""aktywny asystent hamowania awaryjnego"",""boczne poduszki powietrzne - przód"",""boczne poduszki powietrzne - tył"",""ESP (stabilizacja toru jazdy)"",""Isofix (punkty mocowania fotelika dziecięcego)"",""kurtyny powietrzne - przód"",""kurtyny powietrzne - tył"",""poduszka powietrzna kierowcy"",""poduszka powietrzna pasażera"",""system wspomagania hamowania"",""system wykrywania zmęczenie kierowcy""]","[""bezwypadkowy"",""serwisowany w ASO"",""zarejestrowany w Polsce"",""pierwszy właściciel"",""weryfikacja danych otomoto.pl""]",[],"{""1"":[],""2"":[]}",,[],,,[],[],"{""id"":2108,""model_id"":493,""name"":""III"",""deleted_at"":null}",osobowe,kombi,przedni,benzyna,manualna,szary,metalik,Polska,Grupa Bemo Samochody Używane,https://webapi.grupabemo.csflow.pl/car-photo/65095/sm-S7NO6loh5pLV2IwN.jpg,https://webapi.grupabemo.csflow.pl/car-photo/65095/sm-S7NO6loh5pLV2IwN.jpg,0,,,[],,,"[""https://webapi.grupabemo.csflow.pl/car-photo/65095/sm-S7NO6loh5pLV2IwN.jpg"",""https://webapi.grupabemo.csflow.pl/car-photo/65095/sm-djADVW1pqmFnl46R.jpg"",""https://webapi.grupabemo.csflow.pl/car-photo/65095/sm-DgR6ncjvglDVVsl1.jpg"",""https://webapi.grupabemo.csflow.pl/car-photo/65095/sm-vjKhXlKVSZv28Y8G.jpg"",""https://webapi.grupabemo.csflow.pl/car-photo/65095/sm-wOh0f1fT95Zbc14f.jpg"",""https://webapi.grupabemo.csflow.pl/car-photo/65095/sm-JBbKjtZPzx4KCgyw.jpg"",""https://webapi.grupabemo.csflow.pl/car-photo/65095/sm-JxIlg4o4KN6FP9sh.jpg"",""https://webapi.grupabemo.csflow.pl/car-photo/65095/sm-qOVxZnQkc0UkoFbw.jpg"",""https://webapi.grupabemo.csflow.pl/car-photo/65095/sm-REZ6fi6SOJeKt7jO.jpg"",""https://webapi.grupabemo.csflow.pl/car-photo/65095/sm-Z5c11Dk2jVbDVWd3.jpg"",""https://webapi.grupabemo.csflow.pl/car-photo/65095/sm-JlJPbuu3X7JhQqbk.jpg"",""https://webapi.grupabemo.csflow.pl/car-photo/65095/sm-5Nj9tGD5NpkZTpTR.jpg"",""https://webapi.grupabemo.csflow.pl/car-photo/65095/sm-UjgDHbz5KDQbMROM.jpg"",""https://webapi.grupabemo.csflow.pl/car-photo/65095/sm-MLdcJAaSK6xbo9LF.jpg"",""https://webapi.grupabemo.csflow.pl/car-photo/65095/sm-CP0WLFWmJzWsU5xT.jpg"",""https://webapi.grupabemo.csflow.pl/car-photo/65095/sm-KM0yjyhNjQoHloHA.jpg"",""https://webapi.grupabemo.csflow.pl/car-photo/65095/sm-5jXyPlgmWgNxujoU.jpg"",""https://webapi.grupabemo.csflow.pl/car-photo/65095/sm-Oci9A5M42QRLjhuH.jpg"",""https://webapi.grupabemo.csflow.pl/car-photo/65095/sm-l1uEtnmOMaSthmP3.jpg"",""https://webapi.grupabemo.csflow.pl/car-photo/65095/sm-s3wf9hy8XVvKfMSn.jpg"",""https://webapi.grupabemo.csflow.pl/car-photo/65095/sm-TnWSyJjPwc6J4Fs9.jpg"",""https://webapi.grupabemo.csflow.pl/car-photo/65095/sm-576lnzYj6soLX1ch.jpg"",""https://webapi.grupabemo.csflow.pl/car-photo/65095/sm-PgnhusIhzpdo5kkq.jpg"",""https://webapi.grupabemo.csflow.pl/car-photo/65095/sm-zzEHQuEaN2fjVrPT.jpg"",""https://webapi.grupabemo.csflow.pl/car-photo/65095/sm-qlUYrE6MvTQ2nJzH.jpg"",""https://webapi.grupabemo.csflow.pl/car-photo/65095/sm-w8MeQe1Ra1PFNV8W.jpg"",""https://webapi.grupabemo.csflow.pl/car-photo/65095/sm-Y9caKY92iHI111m4.jpg"",""https://webapi.grupabemo.csflow.pl/car-photo/65095/sm-vjceMm4lGspFClVu.jpg"",""https://webapi.grupabemo.csflow.pl/car-photo/65095/sm-nGWfLafGVEsOIcHd.jpg"",""https://webapi.grupabemo.csflow.pl/car-photo/65095/sm-6MvJCGYlhVfy7WAb.jpg"",""https://webapi.grupabemo.csflow.pl/car-photo/65095/sm-hwMgghfCNV1ShTlh.jpg"",""https://webapi.grupabemo.csflow.pl/car-photo/65095/sm-7QUodgQHUqutPx0o.jpg"",""https://webapi.grupabemo.csflow.pl/car-photo/65095/sm-1RSAgGwcGFSM3djb.jpg"",""https://webapi.grupabemo.csflow.pl/car-photo/65095/sm-4QyThsc4MX5CY8SH.jpg"",""https://webapi.grupabemo.csflow.pl/car-photo/65095/sm-xeUBB3HPBaD3Gzul.jpg""]",,,Volkswagen,Poznań,ul. Mogileńska 50,61-044,618909095
65019,2,6,1,51,13023,0,35,485,1653,1004,3001,2001,4002,5010,10002,9001,1,2024,,,,,,,1498,,,115,118480,5,5,Titanium,158828,,,,,,,,,,,,,,DX01442,2024-05-28,WF0PXXGCHPRA01945,,,74900,0,0,0,0,0,1.5 Ecoblue 115KM Titanium Gwarancja Salon PL ASO Vat 23%,"<b>Poniższy samochód pochodzi z oferty GB Samochody Używane.</b>
<b>W ramach Grupy Bemo możesz wybierać spośród starannie wyselekcjonowanego portfolio blisko 1000 samochodów używanych, mając pewność:</b>

• gwarancji pewnego pochodzenia pojazdów
• gwarancji stanu technicznego i prawnego
• zakupu samochodu od firmy działającej ponad 30 lat na rynku

<b>Grupa Bemo to jedna z największych i najbardziej doświadczonych grup</b>
<b>dealerskich w Polsce, posiadająca ponad 30 lokalizacji autoryzowanych salonów</b>
<b>i serwisów mechanicznych oraz blacharsko-lakierniczych w całej Polsce.</b>
<b>Wybierz ofertę GB Samochody Używane i korzystaj:</b>

• z możliwości kontroli stanu technicznego w warunkach autoryzowanego serwisu
• z profesjonalnej obsługi przez cały proces zakupu, a także po nim
• z możliwości dobrania dogodnej formy finansowania

<b>Dostępne dla Ciebie formy płatności:</b>

• kredyt – uproszczone procedury, bez zaświadczeń i z szybką decyzją
• kredyt 50/50
• leasing – także dla nowo powstałych firm
• przelew/gotówka
• pozostawienie w rozliczeniu samochodów używanych wszystkich marek

<b>Porozmawiajmy o dodatkowym rabacie, jeśli wybierzesz oferowane przez nas finansowanie lub ubezpieczenie.</b>

<b>Stan techniczny i historia pojazdu:</b>

• Kraj pochodzenia: Polska
• Gwarancja fabryczna do 29/05/2028
• VIN: WF0PXXGCHPRA01945
• Numer rejestracyjny: DX01442
• Pierwsza rejestracja: 28.05.2024
• Rok produkcji: 2024

<b>Oferowany samochód:</b>

• Ford Focus
• Silnik: 1.5 EcoBlue 115 KM
• Napęd: na przednie koła FWD
• Skrzynia biegów: Automatyczna 8 biegowa
• Wersja wyposażenia: Titanium X
• Lakier: niebieski
• Przebieg: 118480km

<b>Ważniejsze elementy wyposażenia:
</b> 
<b>WAŻNIEJSZE ELEMENTY WYPOSAŻENIA:</b>

* System audio z SYNC4 , DAB+ i 
* nawigacja satelitarna GPS
* kolorowy wyświetlacz dotykowy 13.2"", 
* bezprzewodowa obsługa Apple CarPlay i Android Auto (wymaga kompatybilnego telefonu), 
* zestaw głośnomówiący z Bluetooth®, 
* obsługa głosowa w języku polskim
* Kierownica skórzana wielofuncyjna
* FordPass Connect z modemem GSM
* Pre-Collision Assist - działajacy w oparciu o informacje z kamery przedniej system wspomagający kierowcę w unikaniu lub zmniejszaniu skutków kolizji zpoprzedzającymi pojazdami, pieszymi lub rowerzystami do prędkości maksymalnej pojazdu 120 km/h
* Lane Keeping Alert (zawiera: Lane Keeping Aid (system wspomagający utrzymanie pojazdu na pasie ruchu)
* Rozpoznawanie znaków drogowych 
* Kontrola trakcji 
* Klimatyzacja - dwustrefowa z automatyczną regulacją temperatury
* Szyby – elektrycznie sterowane szyby przednich i tylnych drzwi
* Czujniki parkowania – z tyłu i z przodu
* Kamera parkowania 
* Reflektory - Full LED, statyczne
* Tempomat z ogranicznikiem prędkości 
* Elektryczny hamulec ręczny
* Tryby jazdy: Normalny, Eco, Sportowy
* Podgrzewane fotele przednie
* Podgrzewana kierownica
* Podgrzewana szyba 
* Bezkluczykowe odpalanie

<b>PRZED PRZYJAZDEM PROSZĘ KONTAKT:</b>

<b>Mateusz Krużowski</b>
Kom: +48 697 900 261
e-mail: mateusz.kruzowski(a)grupabemo.pl

<b>Patrycja Rydlewska </b>
Kom: +48 573 600 832
e-mail: patrycja.rydlewska@auto-club.pl

-----------------------------------------------------------------------------------

<b>Miejsce ekspozycji auta:
Auto Club - Autoryzowany Dealer i Serwis Peugeot
ul. Opłotki 15, 60-012 Poznań</b>

nasza pełna oferta na stronie : <b>www.grupabemo.pl</b>

-----------------------------------------------------------------------------------

*Wszelkie informacje prezentowane w niniejszym ogłoszeniu przeznaczone są tylko dla celów informacyjnych i nie stanowią oferty w rozumieniu art. 66 § 1 Kodeksu cywilnego, a także nie mają charakteru wiążącego. Wiążące ustalenia dot. ceny, wyposażenia i specyfikacji pojazdu dokonane mogą być jedynie w umowie sprzedaży. Informacje przedstawione w ogłoszeniu nie stanowią także zapewnienia w rozumieniu art. 556(1) § 2 Kodeksu cywilnego oraz art. 43b ust. 2 pkt 2 lit. a-c Ustawy o prawach konsumenta.",,,,,,,,,,0,0,1,1,1,1,0,1,0,0,,4,0,0,2,2026-06-08 12:25:41,,,2026-06-08 10:43:09,2026-06-08 13:03:27,,,,0,,,,,Poznaniu,Ford,Focus,Mk4,,,ford-focus-2024,,1,0,,,,"{""id"":35,""type_id"":1,""name"":""Ford"",""deleted_at"":null,""fullname"":""Ford""}","{""id"":485,""brand_id"":35,""series_id"":null,""name"":""Focus"",""deleted_at"":null,""series"":null}",https://webapi.grupabemo.csflow.pl/car-photo/65019/Yrm0Zs0oASMVtRBG.jpg,"[""Android Auto"",""Apple CarPlay"",""bluetooth"",""ekran dotykowy"",""gniazdo USB"",""radio"",""Sterowanie funkcjami pojazdu za pomocą głosu"",""System nawigacji satelitarnej"",""Zestaw głośnomówiący"",""czujnik deszczu"",""elektryczne szyby przednie"",""elektryczne szyby tylne"",""keyless Go"",""kierownica ogrzewana"",""kierownica skórzana"",""kierownica wielofunkcyjna"",""kierownica ze sterowaniem radia"",""klimatyzacja automatyczna, dwustrefowa"",""podgrzewany fotel kierowcy"",""podgrzewany fotel pasażera"",""podłokietniki - przód"",""przyciemniane tylne szyby"",""tapicerka materiałowa"",""aktywne rozpoznawanie znaków ograniczenia prędkośc"",""aktywny asystent zmiany pasa ruchu"",""asystent hamowania - Brake Assist"",""czujnik zmierzchu"",""elektroniczna kontrola ciśnienia w oponach"",""elektryczny hamulec postojowy"",""kamera parkowania tył"",""kontrola odległości z przodu (przy parkowaniu)"",""kontrola odległości z tyłu (przy parkowaniu)"",""lampy przednie w technologii LED"",""lampy tylne w technologii LED"",""Lane assist - kontrola zmiany pasa ruchu"",""lusterka boczne składane elektrycznie"",""lusterka boczne ustawiane elektrycznie"",""ogranicznik prędkości"",""podgrzewane lusterka boczne"",""swiatła do jazdy dziennej diodowe LED"",""system rozpoznawania znaków drogowych"",""system Start/Stop"",""tempomat"",""wspomaganie kierownicy"",""ABS"",""aktywny asystent hamowania awaryjnego"",""asystent pasa ruchu"",""boczna poduszka powietrzna kierowcy"",""boczne poduszki powietrzne - przód"",""ESP (stabilizacja toru jazdy)"",""Isofix (punkty mocowania fotelika dziecięcego)"",""kurtyny powietrzne - przód"",""poduszka powietrzna kierowcy"",""poduszka powietrzna pasażera"",""system wspomagania hamowania""]","[""bezwypadkowy"",""pierwszy właściciel"",""serwisowany w ASO"",""zarejestrowany w Polsce"",""weryfikacja danych otomoto.pl""]",[],"{""1"":[],""2"":[]}",,[],,,[],[],"{""id"":1653,""model_id"":485,""name"":""Mk4"",""deleted_at"":null}",osobowe,kombi,przedni,diesel,automatyczna,niebieski,metalik,Polska,Grupa Bemo Samochody Używane,https://webapi.grupabemo.csflow.pl/car-photo/65019/sm-Yrm0Zs0oASMVtRBG.jpg,https://webapi.grupabemo.csflow.pl/car-photo/65019/sm-Yrm0Zs0oASMVtRBG.jpg,0,,,[],,,"[""https://webapi.grupabemo.csflow.pl/car-photo/65019/sm-Yrm0Zs0oASMVtRBG.jpg"",""https://webapi.grupabemo.csflow.pl/car-photo/65019/sm-AcPvVlKMotba0WhE.jpg""]",,,Volkswagen,Poznań,ul. Opłotki 15,60-012,618909099
64947,2,6,1,57,13023,0,68,3315,,1010,3001,2002,4002,5001,10002,9001,1,2025,,,,,,,1998,,,186,4849,5,5,Exclusive-Line,159349,,,,,,,,,,,,,,WF326CL,2025-07-02,JMZDM6WH400533908,,,142500,0,0,0,0,0,"2.0L e-SKYACTIV X 186 KM 6AT Exclusive-line, rej. 2025, Gwaran. 2031r","Autoryzowany Dealer i Serwis marki Mazda firma Bemo Motors Sp. z o.o.
Mazda Bemo Motors jest spółką należącą do Grupy Bemo - jednej z największych w Polsce grup dealerskich, w skład której wchodzi 14 autoryzowanych salonów sprzedaży samochodów
⭕ Gwarancja pewnego pochodzenia pojazdów
⭕ Gwarancja stanu technicznego i prawnego
⭕ Możliwość kontroli stanu technicznego w warunkach autoryzowanego serwisu
⭕ Jazdy testowe i profesjonalna obsługa
⭕ Nasza pełna oferta na stronie : grupabemo.pl/warszawa

FORMY PŁATNOŚCI
⭕ Wszystkie formy udzielenia kredytu i leasingu na miejscu!!!
⭕ Kredyt - procedury uproszczone, bez zaświadczeń, szybka decyzja
⭕ Kredyt 50/50
⭕ Leasing - nawet dla nowo powstałych firm, długi okres leasingowania, bardzo szybka decyzja
⭕ Przelew/gotówka

W rozliczeniu przyjmujemy też auta używane wszystkich marek

Kontakt:

☎ ☎Daniel Ziemski☎ ☎
 Kom: 697900285
 daniel.ziemski(a)bemo-motors.pl
 
 
☎ ☎Kamil Hasiak☎ ☎
Kom: 697900287
kamil.hasiak(a)bemo-motors.pl


OFEROWANY SAMOCHÓD:

<b>Mazda CX-30 2.0L e-SKYACTIV X 186KM 6AT FWD Exclusive-line</b>
Silnik: 2,0 186KM
Napęd: na przednie koła
Skrzynia biegów: automatyczna 6AT
Forma sprzedaży: Faktura VAT 23%

OPIS POJAZDU:
- <b>I rejestracja: 2025-07-02</b>
- Rok produkcji: 2025
- VIN: JMZDM6WH400533908
- Nr rej. WF326CL
- Kraj pochodzenia: Salon Polska
- Kolor: Platinum Quartz

<b>Gwarancja fabryczna do 29-06-20231 / 150 000 km
</b>
ELEMENTY WYPOSAŻENIA:

B E Z P I E C Z E Ń S T W O
       • System dynamicznej stabilizacji toru jazdy (DSC)
       • Zaawansowany system zwiększania przyczepności pojazdu (G-Vectoring Control+)
       • Elektromechaniczny hamulec postojowy z funkcją Autohold
       • Układ wspomagający ruszanie na wzniesieniu (HLA)
       • Przednie i boczne poduszki powietrzne + kurtyny powietrzne + poduszka kolanowa dla kierowcy
       • System monitorowania ciśnienia w ogumieniu (TPMS)
       • System monitorowania martwego pola (BSM)
       • System monitorujący ruch poprzeczny przy cofaniu (RCTA)
       • System e-Call
       • System wykrywający znużenie kierowcy (Driver Alert)
       • Adaptacyjny układ utrzymywania stałej prędkości (aktywny tempomat - MRCC)
<ul><li>System monitorujący ruch poprzeczny przy cofaniu (RCTA)</li><li>System wspomagający hamowanie podczas cofania (SCBS-R)</li><li>System monitorujący ruch poprzeczny przed pojazdem (FCTA)</li><li>Asystent jazdy (CTS)</li><li>System wykrywający znużenie kierowcy z kamerą (Driver Monitor)</li><li>Adaptacyjny układ utrzymywania stałej prędkości (aktywny tempomat - MRCC)</li><li>System automatycznego przełączania świateł drogowych na mijania (HBC)</li><li>Inteligentne wspomaganie hamowania (SBS)</li><li>System wspomagający hamowanie (SCBS)</li><li>System rozpoznający znaki ograniczenia prędkości (TSR)</li><li>System wspomagający utrzymanie pojazdu w pasie ruchu (LDWS + LKA)</li><li>Czujnik deszczu (automatyczne wycieraczki)</li><li>Czujnik zmierzchu (automatyczne światła)</li><li>Czujniki parkowania przednie i tylne</li><li>Kamera cofania</li><li>System kamer 360o</li><li>Immobilizer fabryczny</li><li>Alarm antywłamaniowy</li></ul>
K O M F O R T
<ul><li>Klimatyzacja automatyczna (dwustrefowa)</li><li>Podgrzewanie wycieraczek przedniej szyby</li><li>Podgrzewana kierownica</li><li>Podgrzewane fotele przednie</li><li>Tapicerka materiałowa w kolorze Dark Gray</li><li>Centralny podłokietnik dla kierowcy i pasażera</li><li>Przycisk do uruchamiania silnika</li><li>Centralny zamek</li><li>Zaawansowany system dostępu bez kluczyka (Smart Keyless)</li><li>Elektrycznie sterowane szyby przednie i tylne</li><li>Skórzana kierownica i gałka dźwigni zmiany biegów</li><li>Łopatki do zmiany biegów (skrzynia automatyczna)</li><li>Elektryczna regulacja pokrywy bagażnika</li></ul> 
M U L T I M E D I A
<ul><li>Multimedialny system rozrywki i łączności Mazda Connect (z ekranem 10,25"")</li><li>Kolorowy wyświetlacz head-up na przedniej szybie</li><li>Cyfrowe zegary (7"")</li><li>System nawigacji hybrydowej Mazda</li><li>Ergonomiczny system sterowania HMI (pokrętło wielofunkcyjne)</li><li>Radio FM i radio cyfrowe (DAB)</li><li>Zestaw głośnomówiący Bluetooth®</li><li>2 porty USB-C</li><li>Gniazdo 12V</li><li>Przestrzenny system nagłośnieniowy Bose® (12 głośników)</li><li>Apple CarPlay® i Android Auto® (również z obsługa bezprzewodową)</li><li>Ładowarka indukcyjna (Qi)</li><li>Usługi połączone MyMazda</li></ul> 
D E S I G N
       • Felgi aluminiowe 18"" Silver (opony 215/55)
       • Przednie reflektory diodowe (LED)
       • Tylne światła diodowe (LED)
       • Spryskiwacze reflektorów przednich
       • Spryskiwacze zintegrowane z wycieraczką przedniej szyby
       • Lusterka boczne w kolorze nadwozia
       • Lusterka boczne podgrzewane, sterowane i składane elektrycznie
       • Lusterko boczne elektrochromatyczne (po stronie kierowcy)
       • Przyciemniane tylne szyby

***
Wszelkie informacje prezentowane w niniejszym ogłoszeniu przeznaczone są tylko dla celów informacyjnych i nie stanowią oferty w rozumieniu art. 66 § 1 Kodeksu cywilnego, a także nie mają charakteru wiążącego. Wiążące ustalenia dot. ceny, wyposażenia i specyfikacji pojazdu dokonane mogą być jedynie w umowie sprzedaży. Informacje przedstawione w ogłoszeniu nie stanowią także zapewnienia w rozumieniu art. 556(1) § 2 Kodeksu cywilnego oraz art. 43b ust. 2 pkt 2 lit. a-c Ustawy o prawach konsumenta.
***",,,,,,,,,https://www.otomoto.pl/osobowe/oferta/mazda-cx-30-2-0l-e-skyactiv-x-186-km-6at-exclusive-line-rej-2025-gwaran-2031r-ID6I68Tp.html,0,0,0,0,0,0,0,0,0,0,,4,160,159,15,2026-06-02 16:42:44,,,2026-06-02 13:52:22,2026-06-05 16:03:29,,,,0,,,,,,Mazda,CX-30,,,,mazda-cx-30-2025,,1,1,,,,"{""id"":68,""type_id"":1,""name"":""Mazda"",""deleted_at"":null,""fullname"":""Mazda""}","{""id"":3315,""brand_id"":68,""series_id"":0,""name"":""CX-30"",""deleted_at"":null,""series"":null}",https://webapi.grupabemo.csflow.pl/car-photo/64947/79PMOnctI5I0NYW5.jpg,[],"[""bezwypadkowy"",""pierwszy właściciel"",""serwisowany w ASO"",""zarejestrowany w Polsce"",""weryfikacja danych otomoto.pl""]","[""AUTOMARKET""]","{""1"":[],""2"":[]}",,"[{""id"":2961,""car_id"":64947,""type_id"":1,""tire_brand_id"":0,""name"":null,""tread"":6,""width"":215,""profile"":55,""diameter"":18,""created_at"":""2026-06-03T15:05:19.000000Z"",""updated_at"":""2026-06-05T16:03:31.000000Z"",""deleted_at"":null,""type_name"":""letnia"",""brand_name"":"""",""tire_brand"":null},{""id"":2962,""car_id"":64947,""type_id"":1,""tire_brand_id"":0,""name"":null,""tread"":6,""width"":215,""profile"":55,""diameter"":18,""created_at"":""2026-06-03T15:05:19.000000Z"",""updated_at"":""2026-06-05T16:03:31.000000Z"",""deleted_at"":null,""type_name"":""letnia"",""brand_name"":"""",""tire_brand"":null},{""id"":2963,""car_id"":64947,""type_id"":1,""tire_brand_id"":0,""name"":null,""tread"":6,""width"":215,""profile"":55,""diameter"":18,""created_at"":""2026-06-03T15:05:19.000000Z"",""updated_at"":""2026-06-05T16:03:31.000000Z"",""deleted_at"":null,""type_name"":""letnia"",""brand_name"":"""",""tire_brand"":null},{""id"":2964,""car_id"":64947,""type_id"":1,""tire_brand_id"":0,""name"":null,""tread"":6,""width"":215,""profile"":55,""diameter"":18,""created_at"":""2026-06-03T15:05:19.000000Z"",""updated_at"":""2026-06-05T16:03:31.000000Z"",""deleted_at"":null,""type_name"":""letnia"",""brand_name"":"""",""tire_brand"":null}]",,,[],[],,osobowe,SUV,przedni,benzyna,automatyczna,beżowy,metalik,Polska,Grupa Bemo Samochody Używane,https://webapi.grupabemo.csflow.pl/car-photo/64947/sm-79PMOnctI5I0NYW5.jpg,https://webapi.grupabemo.csflow.pl/car-photo/64947/sm-79PMOnctI5I0NYW5.jpg,0,,,[93],,,"[""https://webapi.grupabemo.csflow.pl/car-photo/64947/sm-79PMOnctI5I0NYW5.jpg"",""https://webapi.grupabemo.csflow.pl/car-photo/64947/sm-bzhKp98QL5t24F4t.jpg"",""https://webapi.grupabemo.csflow.pl/car-photo/64947/sm-wSvVRfdsx7RKqohE.jpg"",""https://webapi.grupabemo.csflow.pl/car-photo/64947/sm-836BvCyDtqHQofQm.jpg"",""https://webapi.grupabemo.csflow.pl/car-photo/64947/sm-FwXIu2BLNzWfjwR3.jpg"",""https://webapi.grupabemo.csflow.pl/car-photo/64947/sm-m1eR8iXgMY3QOQyQ.jpg"",""https://webapi.grupabemo.csflow.pl/car-photo/64947/sm-UBMR6SsXGOdpqLnR.jpg"",""https://webapi.grupabemo.csflow.pl/car-photo/64947/sm-ogwO13IaFzizSJ1H.jpg"",""https://webapi.grupabemo.csflow.pl/car-photo/64947/sm-gc6TtVjLEnBDSXrW.jpg"",""https://webapi.grupabemo.csflow.pl/car-photo/64947/sm-ecEEPJ9xvEEAEsCh.jpg"",""https://webapi.grupabemo.csflow.pl/car-photo/64947/sm-rBeFUQZiQMVRhhCj.jpg"",""https://webapi.grupabemo.csflow.pl/car-photo/64947/sm-qlnY6kPhuvjeanFe.jpg"",""https://webapi.grupabemo.csflow.pl/car-photo/64947/sm-YUHCsDX39s1qrrEe.jpg"",""https://webapi.grupabemo.csflow.pl/car-photo/64947/sm-7OBDjRfwfWnDlNF3.jpg"",""https://webapi.grupabemo.csflow.pl/car-photo/64947/sm-8pgfPYXVETB6VNSZ.jpg""]",,,Volkswagen,Warszawa,Al. Krakowska 169,02-180,618909088
64927,2,6,1,13,13023,0,35,485,1653,1004,3001,2002,4002,5005,10002,9001,1,2025,,,,,,,999,,,155,34412,5,5,ST-Line X + P. Winter,153783,,,,,,,,,,,,,,GD2U853,2025-05-28,WF0PXXGCHPSB17962,,,96900,0,0,0,0,0,155KM EcoBoost mHEV ST-LineX Automat SalonPL SerwisASO Iwł. FV23% Gwar,"<b>Poniższy samochód pochodzi z oferty GB Samochody Używane. W ramach Grupy Bemo możesz wybierać spośród starannie wyselekcjonowanego portfolio blisko 1000 samochodów używanych, mając pewność:</b>

• gwarancji pewnego pochodzenia pojazdów
• gwarancji stanu technicznego i prawnego
• zakupu samochodu od firmy działającej ponad 30 lat na rynku

<b>Grupa Bemo to jedna z największych i najbardziej doświadczonych grup dealerskich w Polsce, posiadająca ponad 30 lokalizacji autoryzowanych salonów i serwisów mechanicznych oraz blacharsko-lakierniczych w całej Polsce.</b>
<b>Wybierz ofertę GB Samochody Używane i korzystaj:</b>

• z możliwości kontroli stanu technicznego w warunkach autoryzowanego serwisu
• z profesjonalnej obsługi przez cały proces zakupu, a także po nim
• z możliwości dobrania dogodnej formy finansowania

-----------------------------------------------------------------------------------
<b>DOSTĘPNE DLA CIEBIE FORMY PŁATNOŚCI:</b>
-----------------------------------------------------------------------------------

• Wszystkie formy udzielenia kredytu i leasingu na miejscu
• Kredyt - uproszczone procedury, bez zaświadczeń i z szybką decyzją
• Kredyt 50/50
• Leasing - nawet dla nowo powstałych firm, długi okres leasingowania, bardzo szybka decyzja,
• Przelew/gotówka (Płatność gotówką do kwoty 40 000zł - zgodnie z Unijnym limitem płatności gotówkowych)
• Pozostawienie w rozliczeniu samochodów wszystkich marek

<b>Porozmawiajmy o dodatkowym rabacie, jeśli wybierzesz oferowane przez nas finansowanie lub ubezpieczenie</b>

-----------------------------------------------------------------------------------
<b>ZAPEWNIAMY PEŁNĄ OBSŁUGĘ W ZAKRESIE UBEZPIECZEŃ:</b>
-----------------------------------------------------------------------------------

- Promocyjne pakiety ubezpieczeń.
- Wszystkie formalności załatwisz w naszym salonie.
- tel. 61/8-747-794 lub 61/8-747-789

-----------------------------------------------------------------------------------
<b>PRZYJMUJEMY W ROZLICZENIU SAMOCHODY WSZYSTKICH MAREK</b>
-----------------------------------------------------------------------------------

<b>OFEROWANY SAMOCHÓD:</b>

• Ford Focus kombi
• Silnik: 1.0 EcoBoost 155KM mHEV (miekka hybryda)
• Skrzynia biegów: Automatyczna A7
• Wersja wyposażenia: ST-Line X + Pakier Winter
• Napęd: Przedni
• Forma sprzedaży: FV23%

<b>STAN TECHNICZNY I HISTORIA POJAZDU:</b>

• Data 1 rejestracji: 28.05.2025
• Nr rej.: GD2U853
• VIN: WF0PXXGCHPSB17962
• ASO Ford
• Stan techniczny i wizualny bardzo dobry. Drobne ślady eksploatacyjne.
<b>• Auto na fabrycznej gwarancji producenta do 05.2027r
• Możliwość zakupu dodatkowej gwarancji na 1, 2 lub 3 lata (bez limitu kilometrów)
</b>
<b>WAŻNIEJSZE ELEMENTY WYPOSAŻENIA:</b>

<b>* Pakiet Winter</b>
- Podgrzewany fotel kierowcy i pasażera
- Podgrzewana przednia szyba
- Podgrzewana kierownica

* Klimatyzacja - dwustrefowa z automatyczną regulacją temperatury
* Kamera ułatwiająca parkowanie - z tyłu
* Tempomat
* Elektroniczny układ stabilizacji toru jazd
* Elektryczny hamulec postojowy
* Inteligentny ogranicznik prędkośc
* Lane Keeping Alert
* Pre-Collision Assist
* System monitorowania ciśnienia w oponach
* System wyboru trybu jazdy
* Radio Ford SYNC 4 (Android Auto, Apple CarPlay, FM, DAB+, Nawigacja satelitarna)
* Szyby – elektrycznie sterowane szyby przednich i tylnych drzwi
* Dodatkowo przyciemniane szyby – w tylnej części nadwozia
* Gniazdko 12V w bagażniku
* Czujniki parkowania – z tyłu i z przodu
* Reflektory - Full LED, statyczne


<i>Szanowny kliencie!</i>
<i>Prosimy o kontakt telefoniczny lub mailowy przed planowanym przyjazdem do naszej firmy, w celu potwierdzenia dostępności pojazdu.</i>

<b>PRZED PRZYJAZDEM PROSZĘ KONTAKT:

</b><b>Jakub Fengler</b>
<b>Kom:+48 728 809 268</b>
<b>jakub.fengler(a)bemo-motors.pl

Robert Nieborak
Kom: +48 608 451 429
robert.nieborak(a)bemo-motors.pl</b>
<b>
Szymon Kłosowski
Kom: +48 665 388 424
Tel: +48 61 8 747 767
szymon.klosowski(a)bemo-motors.pl</b>

-----------------------------------------------------------------------------------
<b>Miejsce ekspozycji auta:</b>
<b>Bemo Motors - Autoryzowany Dealer i Serwis Ford</b>
<b>ul. Mogileńska 50,</b>
<b>61-044 Poznań</b>
-----------------------------------------------------------------------------------
nasza pełna oferta dostpęna na stronie : <b>www.grupabemo.pl</b>
-----------------------------------------------------------------------------------

*
Wszelkie informacje prezentowane w niniejszym ogłoszeniu przeznaczone są tylko dla celów informacyjnych i nie stanowią oferty w rozumieniu art. 66 § 1 Kodeksu cywilnego, a także nie mają charakteru wiążącego. Wiążące ustalenia dot. ceny, wyposażenia i specyfikacji pojazdu dokonane mogą być jedynie w umowie sprzedaży. Informacje przedstawione w ogłoszeniu nie stanowią także zapewnienia w rozumieniu art. 556(1) § 2 Kodeksu cywilnego oraz art. 43b ust. 2 pkt 2 lit. a-c Ustawy o prawach konsumenta.",,,,,,,,,https://www.otomoto.pl/osobowe/oferta/ford-focus-155km-ecoboost-mhev-st-linex-automat-salonpl-serwisaso-iwl-fv23-gwar-ID6I624d.html,0,1,1,1,1,1,0,1,0,0,,4,0,0,34,2026-06-02 14:16:17,,,2026-06-02 14:48:18,2026-06-08 15:07:10,,,,0,,,,,Poznaniu,Ford,Focus,Mk4,,,ford-focus-2025,,1,0,,,,"{""id"":35,""type_id"":1,""name"":""Ford"",""deleted_at"":null,""fullname"":""Ford""}","{""id"":485,""brand_id"":35,""series_id"":null,""name"":""Focus"",""deleted_at"":null,""series"":null}",https://webapi.grupabemo.csflow.pl/car-photo/64927/IKwPBqNgHWb7f8cH.jpg,"[""Android Auto"",""Apple CarPlay"",""bluetooth"",""dostęp do internetu"",""ekran dotykowy"",""gniazdo USB"",""radio"",""Sterowanie funkcjami pojazdu za pomocą głosu"",""system nagłośnienia"",""System nawigacji satelitarnej"",""Zestaw głośnomówiący"",""cyfrowy kluczyk"",""czujnik deszczu"",""dźwignia zmiany biegów wykończona skórą"",""elektryczne szyby przednie"",""elektryczne szyby tylne"",""kierownica ogrzewana"",""kierownica skórzana"",""kierownica sportowa"",""kierownica wielofunkcyjna"",""kierownica ze sterowaniem radia"",""klimatyzacja automatyczna, dwustrefowa"",""podgrzewana przednia szyba"",""podgrzewany fotel kierowcy"",""podgrzewany fotel pasażera"",""podłokietniki - przód"",""podłokietniki - tył"",""przyciemniane tylne szyby"",""tapicerka materiałowa"",""uruchamianie silnika bez użycia kluczyków"",""aktywne rozpoznawanie znaków ograniczenia prędkośc"",""aktywny asystent zmiany pasa ruchu"",""asystent hamowania - Brake Assist"",""asystent świateł drogowych"",""czujnik zmierzchu"",""elektroniczna kontrola ciśnienia w oponach"",""kamera parkowania tył"",""kontrola odległości z przodu (przy parkowaniu)"",""kontrola odległości z tyłu (przy parkowaniu)"",""kontrola trakcji"",""lampy przednie w technologii LED"",""lampy tylne w technologii LED"",""Lane assist - kontrola zmiany pasa ruchu"",""lusterka boczne składane elektrycznie"",""lusterka boczne ustawiane elektrycznie"",""ogranicznik prędkości"",""oświetlenie wnętrza LED"",""podgrzewane lusterka boczne"",""swiatła do jazdy dziennej diodowe LED"",""system rozpoznawania znaków drogowych"",""system Start/Stop"",""tempomat"",""wspomaganie kierownicy"",""wspomaganie ruszania pod górę- Hill Holder"",""alufelgi"",""ABS"",""aktywny asystent hamowania awaryjnego"",""asystent pasa ruchu"",""boczne poduszki powietrzne - przód"",""boczne poduszki powietrzne - tył"",""ESP (stabilizacja toru jazdy)"",""Isofix (punkty mocowania fotelika dziecięcego)"",""kurtyny powietrzne - przód"",""kurtyny powietrzne - tył"",""poduszka powietrzna kierowcy"",""poduszka powietrzna pasażera"",""system wspomagania hamowania"",""system wykrywania zmęczenie kierowcy""]","[""pierwszy właściciel"",""serwisowany w ASO"",""zarejestrowany w Polsce"",""bezwypadkowy"",""weryfikacja danych otomoto.pl""]","[""AUTOMARKET""]","{""1"":[],""2"":[]}",,[],,,[],[],"{""id"":1653,""model_id"":485,""name"":""Mk4"",""deleted_at"":null}",osobowe,kombi,przedni,benzyna,automatyczna,czarny,metalik,Polska,Grupa Bemo Samochody Używane,https://webapi.grupabemo.csflow.pl/car-photo/64927/sm-IKwPBqNgHWb7f8cH.jpg,https://webapi.grupabemo.csflow.pl/car-photo/64927/sm-IKwPBqNgHWb7f8cH.jpg,0,,,[93],,,"[""https://webapi.grupabemo.csflow.pl/car-photo/64927/sm-IKwPBqNgHWb7f8cH.jpg"",""https://webapi.grupabemo.csflow.pl/car-photo/64927/sm-I4RzxWfP8UGPEVhG.jpg"",""https://webapi.grupabemo.csflow.pl/car-photo/64927/sm-IfGNIHr4wXtOfCpT.jpg"",""https://webapi.grupabemo.csflow.pl/car-photo/64927/sm-jjJ6iTr5PLJoMxFH.jpg"",""https://webapi.grupabemo.csflow.pl/car-photo/64927/sm-euYjYYevaIzRvX2C.jpg"",""https://webapi.grupabemo.csflow.pl/car-photo/64927/sm-rWCswZOMy7KJJhek.jpg"",""https://webapi.grupabemo.csflow.pl/car-photo/64927/sm-6smjTrmDjAbqyI6p.jpg"",""https://webapi.grupabemo.csflow.pl/car-photo/64927/sm-AjuwDhAo8UPk8Gq8.jpg"",""https://webapi.grupabemo.csflow.pl/car-photo/64927/sm-Rgd4Ubh7knM4MJN7.jpg"",""https://webapi.grupabemo.csflow.pl/car-photo/64927/sm-6cXUVCf2ZVrFzW85.jpg"",""https://webapi.grupabemo.csflow.pl/car-photo/64927/sm-KJe5H2uzq0dkSSA0.jpg"",""https://webapi.grupabemo.csflow.pl/car-photo/64927/sm-AX0q5eGzGbuqy3TV.jpg"",""https://webapi.grupabemo.csflow.pl/car-photo/64927/sm-7dvi0BtNv1IohPZt.jpg"",""https://webapi.grupabemo.csflow.pl/car-photo/64927/sm-HgHoNyZWOhnVCARW.jpg"",""https://webapi.grupabemo.csflow.pl/car-photo/64927/sm-cDINcKaiveS9uk9C.jpg"",""https://webapi.grupabemo.csflow.pl/car-photo/64927/sm-Figdmqcr8aVN5tzA.jpg"",""https://webapi.grupabemo.csflow.pl/car-photo/64927/sm-HpohqK5W9wiF8F0a.jpg"",""https://webapi.grupabemo.csflow.pl/car-photo/64927/sm-Xge54nBZ7vQgSRxq.jpg"",""https://webapi.grupabemo.csflow.pl/car-photo/64927/sm-ZYRE32MflfH0ZRYc.jpg"",""https://webapi.grupabemo.csflow.pl/car-photo/64927/sm-CiKnvLMBRcZR66yl.jpg"",""https://webapi.grupabemo.csflow.pl/car-photo/64927/sm-I0YPUBHnI2UAAMtJ.jpg"",""https://webapi.grupabemo.csflow.pl/car-photo/64927/sm-oTFrT537WdtJnPoo.jpg"",""https://webapi.grupabemo.csflow.pl/car-photo/64927/sm-8jNDqMEaf3CfZCql.jpg"",""https://webapi.grupabemo.csflow.pl/car-photo/64927/sm-BtolQqqHxhGxxsDN.jpg"",""https://webapi.grupabemo.csflow.pl/car-photo/64927/sm-sv3CWZLJjt5ieh7U.jpg"",""https://webapi.grupabemo.csflow.pl/car-photo/64927/sm-Y6llHitIttQ8gZ6v.jpg"",""https://webapi.grupabemo.csflow.pl/car-photo/64927/sm-pZHo60AEdytExzeF.jpg"",""https://webapi.grupabemo.csflow.pl/car-photo/64927/sm-mTiA46hP2SIhScHi.jpg"",""https://webapi.grupabemo.csflow.pl/car-photo/64927/sm-IsqiOVYhvw7A6sAl.jpg"",""https://webapi.grupabemo.csflow.pl/car-photo/64927/sm-GLcAvMpIxDROGV4w.jpg"",""https://webapi.grupabemo.csflow.pl/car-photo/64927/sm-TV6ePAidlnbsF5bY.jpg"",""https://webapi.grupabemo.csflow.pl/car-photo/64927/sm-tRN1it5Polw1wTDj.jpg"",""https://webapi.grupabemo.csflow.pl/car-photo/64927/sm-LABoAXxDaJybwnl9.jpg"",""https://webapi.grupabemo.csflow.pl/car-photo/64927/sm-ITq7mL1WN6oQm2FW.jpg""]",,,Volkswagen,Poznań,ul. Mogileńska 50,61-044,618909095
64926,2,2,1,57,13023,0,68,2403,2212,1010,3001,2002,4002,5008,10002,9001,1,2024,,,,,,,1998,,,165,57752,5,5,Exclusive-Line,158091,,,,,,,,,,,,,,WI960NU,2024-05-24,JMZKF6WEA90414947,,,146800,0,0,0,0,0,"SUV 2.0L e-SkyActiv G 165KM 6AT Exclusive -Line FV23%, Gwaran.do 2030r","Autoryzowany Dealer i Serwis marki Mazda firma Bemo Motors Sp. z o.o.
Mazda Bemo Motors jest spółką należącą do Grupy Bemo - jednej z największych w Polsce grup dealerskich, w skład której wchodzi 14 autoryzowanych salonów sprzedaży samochodów
⭕ Gwarancja pewnego pochodzenia pojazdów
⭕ Gwarancja stanu technicznego i prawnego
⭕ Możliwość kontroli stanu technicznego w warunkach autoryzowanego serwisu
⭕ Jazdy testowe i profesjonalna obsługa
⭕ Nasza pełna oferta na stronie : grupabemo.pl/warszawa

FORMY PŁATNOŚCI
⭕ Wszystkie formy udzielenia kredytu i leasingu na miejscu!!!
⭕ Kredyt - procedury uproszczone, bez zaświadczeń, szybka decyzja
⭕ Kredyt 50/50
⭕ Leasing - nawet dla nowo powstałych firm, długi okres leasingowania, bardzo szybka decyzja
⭕ Przelew/gotówka

W rozliczeniu przyjmujemy też auta używane wszystkich marek

☎ ☎Kamil ☎ ☎
 Kom: 697900287
 kamil.hasiak(a)bemo-motors.pl
 
 ☎ ☎Daniel ☎ ☎
 Kom: 697900285
 daniel.ziemski(a)bemo-motors.pl
 OFEROWANY SAMOCHÓD:

<b>Mazda CX-5 SUV 2.0L e-SKYACTIV G 165KM 6AT EXCLUSIVE-LINE</b>
Silnik: 2,0 165KM
Napęd: na przednie koła
Skrzynia biegów: automatyczna 6AT
Forma sprzedaży: Faktura VAT 23%

OPIS POJAZDU
- I rejestracja: 2024-05-24
- Rok produkcji: 2024
- VIN: JMZKF6WEA90414947
- Nr rej. WI960NU
- Kraj pochodzenia: Salon Polska
- Kolor: Machine Grey Metalic


WAŻNIEJSZE ELEMENTY WYPOSAŻENIA:

B E Z P I E C Z E Ń S T W O
Układ zapobiegający blokowaniu kół w trakcie hamowania (ABS)
Układ elektronicznego rozdziału siły hamowania (EBD) i awaryjnego hamowania (EBA)
Układ dynamicznej stabilizacji toru jazdy (DSC) z elektronicznym układem kontroli trakcji (TCS)
Przednie i boczne poduszki powietrzne
Kurtyny powietrzne
Elektromechaniczny hamulec postojowy z funkcją Autohold
TPMS - system monitorowania ciśnienia w ogumieniu
Układ wspomagający awaryjne hamowanie przy jeździe do przodu (SCBS)
Układ wspomagający awaryjne hamowanie przy jeździe do tyłu (SCBS-R)
System wykrywający pojazdy w martwym punkcie (BSM)
System wykrywający ruch poprzeczny podczas cofania (RCTA)
Przednie reflektory LED
Tylnle światła LED
Światła do jazdy dziennej LED KODO
Przednie i tylne czujniki parkowania
Head-up na szybie
Matrycowe reflektory przednie (ALH)
System kamer 360* (linie dynamiczne)
System rozpoznający znaki drogowe (TSR)
System wspomagający utrzymanie pojazdu w pasie ruchu
System wspomagający jazdę w korku (CTS)
Aktywny tempomat (MRCC)
Układ ostrzegający o zmęczeniu kierowcy
Alarm przeciwwłamaniowy z czujnikiem ruchu
Immobilizer
Zestaw naprawczy opony z kompresorem 12V

K O M F O R T
Klimatyzacja automatyczna dwustrefowa
Lusterka zewnętrzne regulowane elektrycznie i podgrzewane
Lusterka składane elektrycznie z funkcją AUTO
Czujnik deszczu
Czujnik zmierzchu
Wskaźnik poziomu płynu do spryskiwaczy
Regulacja odcinka lędźwiowego: manualna
Ładowarka bezprzewodowa
Elektrycznie otwieranie i zamykanie klapy bagażnika
Nawiew na tylny rząd siedzeń
Podgrzewana kierownica
Podgrzewane fotele przednie
Podgrzewane miejsce spoczynku wycieraczek
Elektrycznie sterowane szyby przednie i tylne
Regulowany kąt oparcia tylnej kanapy
Składanie foteli Karakuri i roleta Karakuri
Wsteczne lusterko elektrochromatyczne
Zaawansowany system bezkluczykowy

M U L T I M E D I A
Radio DAB
Bluetooth
System sterowania multimediami HMI
4 porty USB (2x USB-C + 2x USB-A)
Mazda Connect (wyświetlacz 10,25"")
Moduł integracji smartfona z systemem multimedialnym (urządzenia iOS &amp; Android)
Nagłośnienie premium BOSE (10 głośników)
System Nawigacji Mazda
Usługi połączone


D E S I G N  Z E W N Ę T R Z N Y
Felgi aluminiowe 19"" Black Metallic (opony 225/55)
Lusterka zewnętrzne w kolorze nadwozia
Przyciemniane tylne szyby

D E S I G N  W E W N Ę T R Z N Y
Tapicerka czarna materiałowa Premium
Skórzana kierownica
Skórzany drążek zmiany biegów
Wewnętrzne oświetlenie LED
Oświetlenie schowka przed pasażerem
Środkowa konsola obszyta skórą
Przełącznik trybu jazdy SPORT
Łopatki do zmiany biegów
Zegary Premium (środkowy zegar cyfrowy)


*PRZED PRZYJAZDEM PROSIMY O KONTAKT
Miejsce ekspozycji auta:
Salon Mazda, Aleja Krakowska 169, 02-180 Warszawa
nasza pełna oferta na stronie : grupabemo.pl/warszawa

***
Wszelkie informacje prezentowane w niniejszym ogłoszeniu przeznaczone są tylko dla celów informacyjnych i nie stanowią oferty w rozumieniu art. 66 § 1 Kodeksu cywilnego, a także nie mają charakteru wiążącego. Wiążące ustalenia dot. ceny, wyposażenia i specyfikacji pojazdu dokonane mogą być jedynie w umowie sprzedaży. Informacje przedstawione w ogłoszeniu nie stanowią także zapewnienia w rozumieniu art. 556(1) § 2 Kodeksu cywilnego oraz art. 43b ust. 2 pkt 2 lit. a-c Ustawy o prawach konsumenta.
***",,,,,,,,,,1,1,1,1,1,1,0,1,0,0,,4,4,4,13,2026-06-02 15:58:30,,,2026-06-02 10:38:14,2026-06-05 16:03:27,,,,0,,,,,,Mazda,CX-5,II,,,mazda-cx-5-2024,,1,1,,,,"{""id"":68,""type_id"":1,""name"":""Mazda"",""deleted_at"":null,""fullname"":""Mazda""}","{""id"":2403,""brand_id"":68,""series_id"":0,""name"":""CX-5"",""deleted_at"":null,""series"":null}",https://webapi.grupabemo.csflow.pl/car-photo/64926/dDaBEqlv3kqETq46.jpg,"[""Android Auto"",""Apple CarPlay"",""bluetooth"",""ekran dotykowy"",""gniazdo USB"",""ładowanie bezprzewodowe urządzeń"",""radio"",""system nagłośnienia"",""System nawigacji satelitarnej"",""Wyświetlacz typu Head-Up"",""Zestaw głośnomówiący"",""czujnik deszczu"",""dźwignia zmiany biegów wykończona skórą"",""elektryczne szyby przednie"",""elektryczne szyby tylne"",""keyless Go"",""kierownica ogrzewana"",""kierownica skórzana"",""kierownica wielofunkcyjna"",""kierownica ze sterowaniem radia"",""klimatyzacja automatyczna"",""klimatyzacja automatyczna, dwustrefowa"",""podgrzewany fotel kierowcy"",""podgrzewany fotel pasażera"",""podłokietniki - przód"",""podłokietniki - tył"",""przyciemniane tylne szyby"",""regul. elektr. podparcia lędźwiowego - kierowca"",""tapicerka materiałowa"",""uruchamianie silnika bez użycia kluczyków"",""aktywne rozpoznawanie znaków ograniczenia prędkośc"",""aktywny asystent zmiany pasa ruchu"",""asystent (czujnik) martwego pola"",""asystent hamowania - Brake Assist"",""asystent pokonywania zakrętów"",""asystent świateł drogowych"",""czujnik zmierzchu"",""elektroniczna kontrola ciśnienia w oponach"",""elektryczny hamulec postojowy"",""kamera panoramiczna 360"",""kamera parkowania tył"",""kontrola odległości od poprzedzającego pojazdu"",""kontrola odległości z przodu (przy parkowaniu)"",""kontrola odległości z tyłu (przy parkowaniu)"",""kontrola trakcji"",""lampy przednie w technologii LED"",""lampy tylne w technologii LED"",""Lane assist - kontrola zmiany pasa ruchu"",""lusterka boczne ustawiane elektrycznie"",""ogranicznik prędkości"",""oświetlenie drogi do domu"",""oświetlenie wnętrza LED"",""podgrzewane lusterka boczne"",""spryskiwacze reflektorów"",""światła do jazdy dziennej"",""swiatła do jazdy dziennej diodowe LED"",""system rozpoznawania znaków drogowych"",""system Start/Stop"",""tempomat"",""tempomat adaptacyjny ACC"",""wspomaganie kierownicy"",""wspomaganie ruszania pod górę- Hill Holder"",""felgi aluminiowe 19"",""ABS"",""aktywny asystent hamowania awaryjnego"",""aktywny system monitorowania kondycji kierowcy"",""alarm ruchu poprzecznego z tyłu pojazdu"",""asystent hamowania awaryjnego w mieście"",""asystent pasa ruchu"",""boczne poduszki powietrzne - przód"",""elektroniczny system rozdziału siły hamowania"",""ESP (stabilizacja toru jazdy)"",""Isofix (punkty mocowania fotelika dziecięcego)"",""kurtyny powietrzne - przód"",""kurtyny powietrzne - tył"",""poduszka powietrzna pasażera"",""system hamowania awaryjnego dla ochrony pieszych"",""system ostrzegający o możliwej kolizji"",""system rekomendacji przerw podczas trasy"",""system wspomagania hamowania"",""system wykrywania zmęczenie kierowcy"",""alufelgi"",""boczne poduszki powietrzne - tył"",""poduszka powietrzna kierowcy"",""zmiana biegów w kierownicy""]","[""bezwypadkowy"",""pierwszy właściciel"",""zarejestrowany w Polsce"",""serwisowany w ASO"",""weryfikacja danych otomoto.pl""]","[""AUTOMARKET""]","{""1"":[],""2"":[]}",,"[{""id"":2924,""car_id"":64926,""type_id"":1,""tire_brand_id"":0,""name"":null,""tread"":5,""width"":225,""profile"":55,""diameter"":19,""created_at"":""2026-06-02T10:38:14.000000Z"",""updated_at"":""2026-06-05T16:03:28.000000Z"",""deleted_at"":null,""type_name"":""letnia"",""brand_name"":"""",""tire_brand"":null},{""id"":2925,""car_id"":64926,""type_id"":1,""tire_brand_id"":0,""name"":null,""tread"":5,""width"":225,""profile"":55,""diameter"":19,""created_at"":""2026-06-02T10:38:14.000000Z"",""updated_at"":""2026-06-05T16:03:28.000000Z"",""deleted_at"":null,""type_name"":""letnia"",""brand_name"":"""",""tire_brand"":null},{""id"":2926,""car_id"":64926,""type_id"":1,""tire_brand_id"":0,""name"":null,""tread"":5,""width"":225,""profile"":55,""diameter"":19,""created_at"":""2026-06-02T10:38:14.000000Z"",""updated_at"":""2026-06-05T16:03:28.000000Z"",""deleted_at"":null,""type_name"":""letnia"",""brand_name"":"""",""tire_brand"":null},{""id"":2927,""car_id"":64926,""type_id"":1,""tire_brand_id"":0,""name"":null,""tread"":5,""width"":225,""profile"":55,""diameter"":19,""created_at"":""2026-06-02T10:38:14.000000Z"",""updated_at"":""2026-06-05T16:03:28.000000Z"",""deleted_at"":null,""type_name"":""letnia"",""brand_name"":"""",""tire_brand"":null}]",,,[],[],"{""id"":2212,""model_id"":2403,""name"":""II"",""deleted_at"":null}",osobowe,SUV,przedni,benzyna,automatyczna,grafitowy,metalik,Polska,Grupa Bemo Samochody Używane,https://webapi.grupabemo.csflow.pl/car-photo/64926/sm-dDaBEqlv3kqETq46.jpg,https://webapi.grupabemo.csflow.pl/car-photo/64926/sm-dDaBEqlv3kqETq46.jpg,0,,,[93],149800,,"[""https://webapi.grupabemo.csflow.pl/car-photo/64926/sm-dDaBEqlv3kqETq46.jpg"",""https://webapi.grupabemo.csflow.pl/car-photo/64926/sm-QpS0ehatskxl3eJb.jpg"",""https://webapi.grupabemo.csflow.pl/car-photo/64926/sm-zH9pYgTR7NY2AMy0.jpg"",""https://webapi.grupabemo.csflow.pl/car-photo/64926/sm-yAizG3e2GPOUBMMp.jpg"",""https://webapi.grupabemo.csflow.pl/car-photo/64926/sm-VOW8gWioMs0883Tg.jpg"",""https://webapi.grupabemo.csflow.pl/car-photo/64926/sm-cl1aUgX3sAp8gd7w.jpg"",""https://webapi.grupabemo.csflow.pl/car-photo/64926/sm-T0xZgTfDY34PPKID.jpg"",""https://webapi.grupabemo.csflow.pl/car-photo/64926/sm-4T3ReHNfvAo2ilmr.jpg"",""https://webapi.grupabemo.csflow.pl/car-photo/64926/sm-wCZXtMUR7a70Rhxv.jpg"",""https://webapi.grupabemo.csflow.pl/car-photo/64926/sm-mp9sEM4aLHQ7ghil.jpg"",""https://webapi.grupabemo.csflow.pl/car-photo/64926/sm-3Dki4p2DmxTHNyAH.jpg"",""https://webapi.grupabemo.csflow.pl/car-photo/64926/sm-OQQV8eygpc5Pe8jd.jpg"",""https://webapi.grupabemo.csflow.pl/car-photo/64926/sm-hh4MxEDVIA4EAftu.jpg""]",,,Volkswagen,Warszawa,Al. Krakowska 169,02-180,618909088
64925,2,6,1,13,13023,0,35,485,1653,1004,3001,2002,4002,5005,10002,9001,1,2025,,,,,,,999,,,155,40640,5,5,ST-Line X + P. Wintr,153783,,,,,,,,,,,,,,GD2U286,2025-05-28,WF0PXXGCHPSB17964,,,96900,0,0,0,0,0,155KM EcoBoost mHEV ST-LineX Automat SalonPL SerwisASO Iwł. FV23% Gwar,"<b>Poniższy samochód pochodzi z oferty GB Samochody Używane. W ramach Grupy Bemo możesz wybierać spośród starannie wyselekcjonowanego portfolio blisko 1000 samochodów używanych, mając pewność:</b>

• gwarancji pewnego pochodzenia pojazdów
• gwarancji stanu technicznego i prawnego
• zakupu samochodu od firmy działającej ponad 30 lat na rynku

<b>Grupa Bemo to jedna z największych i najbardziej doświadczonych grup dealerskich w Polsce, posiadająca ponad 30 lokalizacji autoryzowanych salonów i serwisów mechanicznych oraz blacharsko-lakierniczych w całej Polsce.</b>
<b>Wybierz ofertę GB Samochody Używane i korzystaj:</b>

• z możliwości kontroli stanu technicznego w warunkach autoryzowanego serwisu
• z profesjonalnej obsługi przez cały proces zakupu, a także po nim
• z możliwości dobrania dogodnej formy finansowania

-----------------------------------------------------------------------------------
<b>DOSTĘPNE DLA CIEBIE FORMY PŁATNOŚCI:</b>
-----------------------------------------------------------------------------------

• Wszystkie formy udzielenia kredytu i leasingu na miejscu
• Kredyt - uproszczone procedury, bez zaświadczeń i z szybką decyzją
• Kredyt 50/50
• Leasing - nawet dla nowo powstałych firm, długi okres leasingowania, bardzo szybka decyzja,
• Przelew/gotówka (Płatność gotówką do kwoty 40 000zł - zgodnie z Unijnym limitem płatności gotówkowych)
• Pozostawienie w rozliczeniu samochodów wszystkich marek

<b>Porozmawiajmy o dodatkowym rabacie, jeśli wybierzesz oferowane przez nas finansowanie lub ubezpieczenie</b>

-----------------------------------------------------------------------------------
<b>ZAPEWNIAMY PEŁNĄ OBSŁUGĘ W ZAKRESIE UBEZPIECZEŃ:</b>
-----------------------------------------------------------------------------------

- Promocyjne pakiety ubezpieczeń.
- Wszystkie formalności załatwisz w naszym salonie.
- tel. 61/8-747-794 lub 61/8-747-789

-----------------------------------------------------------------------------------
<b>PRZYJMUJEMY W ROZLICZENIU SAMOCHODY WSZYSTKICH MAREK</b>
-----------------------------------------------------------------------------------

<b>OFEROWANY SAMOCHÓD:</b>

• Ford Focus kombi
• Silnik: 1.0 EcoBoost 155KM mHEV (miekka hybryda)
• Skrzynia biegów: Automatyczna A7
• Wersja wyposażenia: ST-Line X + Pakier Winter
• Napęd: Przedni
• Forma sprzedaży: FV23%

<b>STAN TECHNICZNY I HISTORIA POJAZDU:</b>

• Data 1 rejestracji: 28.05.2025
• Nr rej.: GD2U286
• VIN: WF0PXXGCHPSB17964
• ASO Ford
• Stan techniczny i wizualny bardzo dobry. Drobne ślady eksploatacyjne.
<b>• Auto na fabrycznej gwarancji producenta do 05.2027r
• Możliwość zakupu dodatkowej gwarancji na 1, 2 lub 3 lata (bez limitu kilometrów)
</b>
<b>WAŻNIEJSZE ELEMENTY WYPOSAŻENIA:</b>

<b>* Pakiet Winter</b>
- Podgrzewany fotel kierowcy i pasażera
- Podgrzewana przednia szyba
- Podgrzewana kierownica

* Klimatyzacja - dwustrefowa z automatyczną regulacją temperatury
* Kamera ułatwiająca parkowanie - z tyłu
* Tempomat
* Elektroniczny układ stabilizacji toru jazd
* Elektryczny hamulec postojowy
* Inteligentny ogranicznik prędkośc
* Lane Keeping Alert
* Pre-Collision Assist
* System monitorowania ciśnienia w oponach
* System wyboru trybu jazdy
* Radio Ford SYNC 4 (Android Auto, Apple CarPlay, FM, DAB+, Nawigacja satelitarna)
* Szyby – elektrycznie sterowane szyby przednich i tylnych drzwi
* Dodatkowo przyciemniane szyby – w tylnej części nadwozia
* Gniazdko 12V w bagażniku
* Czujniki parkowania – z tyłu i z przodu
* Reflektory - Full LED, statyczne


<i>Szanowny kliencie!</i>
<i>Prosimy o kontakt telefoniczny lub mailowy przed planowanym przyjazdem do naszej firmy, w celu potwierdzenia dostępności pojazdu.</i>

<b>PRZED PRZYJAZDEM PROSZĘ KONTAKT:

</b><b>Jakub Fengler</b>
<b>Kom:+48 728 809 268</b>
<b>jakub.fengler(a)bemo-motors.pl

Robert Nieborak
Kom: +48 608 451 429
robert.nieborak(a)bemo-motors.pl</b>
<b>
Szymon Kłosowski
Kom: +48 665 388 424
Tel: +48 61 8 747 767
szymon.klosowski(a)bemo-motors.pl</b>

-----------------------------------------------------------------------------------
<b>Miejsce ekspozycji auta:</b>
<b>Bemo Motors - Autoryzowany Dealer i Serwis Ford</b>
<b>ul. Mogileńska 50,</b>
<b>61-044 Poznań</b>
-----------------------------------------------------------------------------------
nasza pełna oferta dostpęna na stronie : <b>www.grupabemo.pl</b>
-----------------------------------------------------------------------------------

*
Wszelkie informacje prezentowane w niniejszym ogłoszeniu przeznaczone są tylko dla celów informacyjnych i nie stanowią oferty w rozumieniu art. 66 § 1 Kodeksu cywilnego, a także nie mają charakteru wiążącego. Wiążące ustalenia dot. ceny, wyposażenia i specyfikacji pojazdu dokonane mogą być jedynie w umowie sprzedaży. Informacje przedstawione w ogłoszeniu nie stanowią także zapewnienia w rozumieniu art. 556(1) § 2 Kodeksu cywilnego oraz art. 43b ust. 2 pkt 2 lit. a-c Ustawy o prawach konsumenta.",,,,,,,,,,0,1,1,1,1,1,0,1,0,0,,4,0,0,28,2026-06-08 11:25:49,,,2026-06-08 09:27:53,2026-06-08 12:38:15,,,,0,,,,,Poznaniu,Ford,Focus,Mk4,,,ford-focus-2025,,1,0,,,,"{""id"":35,""type_id"":1,""name"":""Ford"",""deleted_at"":null,""fullname"":""Ford""}","{""id"":485,""brand_id"":35,""series_id"":null,""name"":""Focus"",""deleted_at"":null,""series"":null}",https://webapi.grupabemo.csflow.pl/car-photo/64925/qZ89prkOvz62mGxd.jpg,"[""Android Auto"",""Apple CarPlay"",""bluetooth"",""dostęp do internetu"",""ekran dotykowy"",""gniazdo USB"",""ładowanie bezprzewodowe urządzeń"",""radio"",""Sterowanie funkcjami pojazdu za pomocą głosu"",""System nawigacji satelitarnej"",""Zestaw głośnomówiący"",""cyfrowy kluczyk"",""czujnik deszczu"",""dźwignia zmiany biegów wykończona skórą"",""elektryczne szyby przednie"",""elektryczne szyby tylne"",""keyless Go"",""kierownica ogrzewana"",""kierownica skórzana"",""kierownica wielofunkcyjna"",""kierownica ze sterowaniem radia"",""klimatyzacja automatyczna, dwustrefowa"",""podgrzewana przednia szyba"",""podgrzewany fotel kierowcy"",""podgrzewany fotel pasażera"",""podłokietniki - przód"",""podłokietniki - tył"",""przyciemniane tylne szyby"",""tapicerka materiałowa"",""uruchamianie silnika bez użycia kluczyków"",""aktywne rozpoznawanie znaków ograniczenia prędkośc"",""aktywny asystent zmiany pasa ruchu"",""asystent hamowania - Brake Assist"",""czujnik zmierzchu"",""kamera parkowania tył"",""kontrola odległości z przodu (przy parkowaniu)"",""kontrola odległości z tyłu (przy parkowaniu)"",""kontrola trakcji"",""lampy przednie w technologii LED"",""lampy tylne w technologii LED"",""Lane assist - kontrola zmiany pasa ruchu"",""lusterka boczne składane elektrycznie"",""lusterka boczne ustawiane elektrycznie"",""ogranicznik prędkości"",""oświetlenie wnętrza LED"",""podgrzewane lusterka boczne"",""swiatła do jazdy dziennej diodowe LED"",""system Start/Stop"",""tempomat"",""wspomaganie kierownicy"",""wspomaganie ruszania pod górę- Hill Holder"",""alufelgi"",""ABS"",""aktywny asystent hamowania awaryjnego"",""asystent pasa ruchu"",""boczne poduszki powietrzne - przód"",""boczne poduszki powietrzne - tył"",""ESP (stabilizacja toru jazdy)"",""Isofix (punkty mocowania fotelika dziecięcego)"",""kurtyny powietrzne - przód"",""kurtyny powietrzne - tył"",""poduszka powietrzna kierowcy"",""poduszka powietrzna pasażera"",""system wspomagania hamowania"",""system wykrywania zmęczenie kierowcy""]","[""pierwszy właściciel"",""serwisowany w ASO"",""zarejestrowany w Polsce"",""weryfikacja danych otomoto.pl"",""bezwypadkowy""]",[],"{""1"":[],""2"":[]}",,[],,,[],[],"{""id"":1653,""model_id"":485,""name"":""Mk4"",""deleted_at"":null}",osobowe,kombi,przedni,benzyna,automatyczna,czarny,metalik,Polska,Grupa Bemo Samochody Używane,https://webapi.grupabemo.csflow.pl/car-photo/64925/sm-qZ89prkOvz62mGxd.jpg,https://webapi.grupabemo.csflow.pl/car-photo/64925/sm-qZ89prkOvz62mGxd.jpg,0,,,[],,,"[""https://webapi.grupabemo.csflow.pl/car-photo/64925/sm-qZ89prkOvz62mGxd.jpg"",""https://webapi.grupabemo.csflow.pl/car-photo/64925/sm-pH7U3PrSGBVWqcjy.jpg"",""https://webapi.grupabemo.csflow.pl/car-photo/64925/sm-XgPVoXu6AwLBNJTD.jpg"",""https://webapi.grupabemo.csflow.pl/car-photo/64925/sm-cxC0rdjbVE6gi75a.jpg"",""https://webapi.grupabemo.csflow.pl/car-photo/64925/sm-pp6AUxE5EowkHVBs.jpg"",""https://webapi.grupabemo.csflow.pl/car-photo/64925/sm-xQa0sWFoLN4MqzGP.jpg"",""https://webapi.grupabemo.csflow.pl/car-photo/64925/sm-usOAHTsBh8deYj97.jpg"",""https://webapi.grupabemo.csflow.pl/car-photo/64925/sm-Zwpn3iPmypVtnFmh.jpg"",""https://webapi.grupabemo.csflow.pl/car-photo/64925/sm-o4Gkcu8NPOT0NNIH.jpg"",""https://webapi.grupabemo.csflow.pl/car-photo/64925/sm-OEkmK5DaJufzlti2.jpg"",""https://webapi.grupabemo.csflow.pl/car-photo/64925/sm-OnQ7zOcflvt6pBVC.jpg"",""https://webapi.grupabemo.csflow.pl/car-photo/64925/sm-YWvEwDZHIji0SomK.jpg"",""https://webapi.grupabemo.csflow.pl/car-photo/64925/sm-Tle0UKGBYVRDVQDM.jpg"",""https://webapi.grupabemo.csflow.pl/car-photo/64925/sm-xjFTBwNWKmH52luI.jpg"",""https://webapi.grupabemo.csflow.pl/car-photo/64925/sm-Tq8dltyqQQIAT7Ca.jpg"",""https://webapi.grupabemo.csflow.pl/car-photo/64925/sm-EPKNN4qpwFsvOzNk.jpg"",""https://webapi.grupabemo.csflow.pl/car-photo/64925/sm-01gbpwoi31AnUIgC.jpg"",""https://webapi.grupabemo.csflow.pl/car-photo/64925/sm-xFBOATZJcw8yhddW.jpg"",""https://webapi.grupabemo.csflow.pl/car-photo/64925/sm-UTSbzXCKtK4R02FD.jpg"",""https://webapi.grupabemo.csflow.pl/car-photo/64925/sm-4hH93rAspzPu0YGq.jpg"",""https://webapi.grupabemo.csflow.pl/car-photo/64925/sm-MGsFDdphP2r7TFeK.jpg"",""https://webapi.grupabemo.csflow.pl/car-photo/64925/sm-yNTtRURBf4Qyxob5.jpg"",""https://webapi.grupabemo.csflow.pl/car-photo/64925/sm-3opuoLRFUYhWuCc5.jpg"",""https://webapi.grupabemo.csflow.pl/car-photo/64925/sm-ji4vxW0T1fkP7PHR.jpg"",""https://webapi.grupabemo.csflow.pl/car-photo/64925/sm-hPcpWkx3Y52zoUa9.jpg"",""https://webapi.grupabemo.csflow.pl/car-photo/64925/sm-WdFE0sG2fBLHkZsh.jpg"",""https://webapi.grupabemo.csflow.pl/car-photo/64925/sm-DPb4NFqqZ8GRdnNS.jpg"",""https://webapi.grupabemo.csflow.pl/car-photo/64925/sm-EeTyXLzLpHJ0QmnS.jpg""]",,,Volkswagen,Poznań,ul. Mogileńska 50,61-044,618909095
64921,2,6,1,51,13023,0,35,485,1653,1004,3001,2002,4002,5005,10002,9001,1,2025,,,,,,,999,,,155,27835,5,5,ST-LINE,153783,,,,,,,,,,,,,,GD2U851,2025-05-28,WF0PXXGCHPSB17961,,,96900,0,0,0,0,0,1.0 MHEV 155KM St-LineX Automat Salon PL 1właściciel Vat 23% Gwarancja,"<b>Poniższy samochód pochodzi z oferty GB Samochody Używane.</b>
<b>W ramach Grupy Bemo możesz wybierać spośród starannie wyselekcjonowanego portfolio blisko 1000 samochodów używanych, mając pewność:</b>

• gwarancji pewnego pochodzenia pojazdów
• gwarancji stanu technicznego i prawnego
• zakupu samochodu od firmy działającej ponad 30 lat na rynku

<b>Grupa Bemo to jedna z największych i najbardziej doświadczonych grup</b>
<b>dealerskich w Polsce, posiadająca ponad 30 lokalizacji autoryzowanych salonów</b>
<b>i serwisów mechanicznych oraz blacharsko-lakierniczych w całej Polsce.</b>
<b>Wybierz ofertę GB Samochody Używane i korzystaj:</b>

• z możliwości kontroli stanu technicznego w warunkach autoryzowanego serwisu
• z profesjonalnej obsługi przez cały proces zakupu, a także po nim
• z możliwości dobrania dogodnej formy finansowania

<b>Dostępne dla Ciebie formy płatności:</b>

• kredyt – uproszczone procedury, bez zaświadczeń i z szybką decyzją
• kredyt 50/50
• leasing – także dla nowo powstałych firm
• przelew/gotówka
• pozostawienie w rozliczeniu samochodów używanych wszystkich marek

<b>Porozmawiajmy o dodatkowym rabacie, jeśli wybierzesz oferowane przez nas finansowanie lub ubezpieczenie.</b>


<b>Stan techniczny i historia pojazdu:</b>

• Kraj pochodzenia: Polska
• Bezwypadkowy
• Gwarancja fabryczna 
• VIN: WF0PXXGCHPSB17961
• Numer rejestracyjny: GD2U851
• Pierwsza rejestracja: 28.05.2025
• Rok produkcji: 2025

<b>Oferowany samochód:</b>

• Ford Focus
• Silnik: 1.0 EcoBoost MHEV 155 KM
• Napęd: na przednie koła FWD
• Skrzynia biegów: Automatyczna 7 biegowa
• Wersja wyposażenia: ST-Line
• Lakier: czarny
• Przebieg: 27835km

<b>Ważniejsze elementy wyposażenia:
</b> 
- Elektroniczny układ stabilizacji toru jazdy – z układem kontroli trakcji i układem ułatwiającym ruszanie na wzniesieniach  i funkcją automatycznego hamowania po kolizji
- Elektryczny hamulec postojowy
- Inteligentny ogranicznik prędkości
- ISOFIX 
- Lane Keeping Alert (zawiera: Lane Keeping Aid (system wspomagający utrzymanie pojazdu na pasie ruchu)
- Boczne kurtyny powietrzne chroniące osoby w 1. i 2. rzędzie siedzeń
- Poduszki boczne dla kierowcy i pasażera z przodu
- Poduszki czołowe dla kierowcy i pasażera z przodu
- Pre-Collision Assist - działajacy w oparciu o informacje z kamery przedniej system wspomagający kierowcę w unikaniu lub zmniejszaniu skutków kolizji z poprzedzającymi pojazdami, pieszymi lub rowerzystami (zawiera: Forward Collision Warning, Dynamic Brake Support, Autonomous Emergency Braking)
- System monitorowania ciśnienia w oponach 
- System wyboru trybu jazdy
- System audio z SYNC4 , DAB+ i nawigacją satelitarną – kolorowy wyświetlacz dotykowy 13.2"", bezprzewodowa obsługa Apple CarPlay i Android Auto (wymaga kompatybilnego telefonu), zestaw głośnomówiący z Bluetooth®, obsługa głosowa w języku polskim, 6 głośników, zdalne sterowanie na kierownicy
- Klimatyzacja - dwustrefowa z automatyczną regulacją temperatury 
- Bezprzewodowa ładowarka do smartfonów 
- gniazda USB
- Lusterko wsteczne – automatycznie ściemniające się
- Przycisk rozrusznika – Ford Power
- Szyby – elektrycznie sterowane szyby przednich i tylnych drzwi, opuszczane i podnoszone jednym naciśnięciem przycisku, z czujnikami przeszkody, z funkcją całkowitego otwierania i zamykania wszystkich szyb
- Tempomat
- Kierownica - trójramienna, spłaszczona u dołu, wykończona skórą ekologiczną Sensico z czerwonymi przeszyciami
- Podsufitka - w ciemnej tonacji
- Uchwyt dźwigni zmiany biegów – wykończony skórą
- Fotel kierowcy - regulacja podparcia odcinka lędźwiowego, ręczna regulacja położenia w 4. kierunkach (góra-dół, przód-tył)
- Centralny zamek – sterowany pilotem
- Ford KeyFree - system centralnego zamka z kluczem elektronicznym (umożliwia otwarcie drzwi i uruchomienie pojazdu bez tradycyjnego kluczyka;
- Zawieszenie - sportowe ST-Line X
- Przyciemniane szyby – w tylnej części nadwozia
- Lusterka boczne – sterowane, podgrzewane i składane elektrycznie, z lampkami oświetlającymi podłoże, obudowy lakierowane w kolorze nadwozia
- Sportowa końcówka układu wydechowego
- Obręcze kół ze stopów lekkich – 17"", wzór 5-ramienny, ogumienie 215/50 
- Czujniki parkowania – z tyłu i z przodu
- Kamera ułatwiająca parkowanie - z tyłu
- Reflektory - Full LED, statyczne (swiatła dzienne, mijania, drogowe, zintegrowane światła przeciwmgielne oraz kierunkowskazy w technologii LED)
- Reflektory - światla przeciwmgielne LED z funkcją doświetlania zakrętów zintegrowane w reflektorach głównych (dla wersji ST X opcja dostępna z refletkorami statyczymi LED 
- Reflektory automatyczne – włączające się automatycznie w zależności od poziomu natężenia światła
- Wycieraczki przedniej szyby – sterowane automatycznie, z czujnikiem deszczu
- Pakiet Winter:
• przednie fotele - podgrzewane, z regulacją temperatury
• przednia szyba - podgrzewana (Quickclear)
• kierownica - podgrzewana

<b>PRZED PRZYJAZDEM PROSZĘ KONTAKT:</b>

<b>Mateusz Krużowski</b>
Kom: +48 697 900 261
e-mail: mateusz.kruzowski(a)grupabemo.pl

<b>Patrycja Rydlewska </b>
Kom: +48 573 600 832
e-mail: patrycja.rydlewska@auto-club.pl

-----------------------------------------------------------------------------------

<b>Miejsce ekspozycji auta:
Auto Club - Autoryzowany Dealer i Serwis Peugeot
ul. Opłotki 15, 60-012 Poznań</b>

nasza pełna oferta na stronie : <b>www.grupabemo.pl</b>

-----------------------------------------------------------------------------------

*Wszelkie informacje prezentowane w niniejszym ogłoszeniu przeznaczone są tylko dla celów informacyjnych i nie stanowią oferty w rozumieniu art. 66 § 1 Kodeksu cywilnego, a także nie mają charakteru wiążącego. Wiążące ustalenia dot. ceny, wyposażenia i specyfikacji pojazdu dokonane mogą być jedynie w umowie sprzedaży. Informacje przedstawione w ogłoszeniu nie stanowią także zapewnienia w rozumieniu art. 556(1) § 2 Kodeksu cywilnego oraz art. 43b ust. 2 pkt 2 lit. a-c Ustawy o prawach konsumenta.",,,,,,,,,https://www.otomoto.pl/osobowe/oferta/ford-focus-1-0-mhev-155km-st-line-automat-salon-pl-1wlasciciel-vat-23-gwarancja-ID6I64IT.html,0,1,1,1,1,1,0,1,0,0,,4,0,0,34,2026-06-03 09:32:08,,,2026-06-03 07:33:55,2026-06-08 16:04:53,,,,0,,,,,Poznaniu,Ford,Focus,Mk4,,,ford-focus-2025,,1,0,,,,"{""id"":35,""type_id"":1,""name"":""Ford"",""deleted_at"":null,""fullname"":""Ford""}","{""id"":485,""brand_id"":35,""series_id"":null,""name"":""Focus"",""deleted_at"":null,""series"":null}",https://webapi.grupabemo.csflow.pl/car-photo/64921/GrlS3pIf4tLOTtWm.jpg,"[""Android Auto"",""Apple CarPlay"",""bluetooth"",""ekran dotykowy"",""gniazdo USB"",""radio"",""Sterowanie funkcjami pojazdu za pomocą głosu"",""system nagłośnienia"",""System nawigacji satelitarnej"",""Zestaw głośnomówiący"",""cyfrowy kluczyk"",""czujnik deszczu"",""dźwignia zmiany biegów wykończona skórą"",""elektryczne szyby przednie"",""elektryczne szyby tylne"",""keyless Go"",""kierownica ogrzewana"",""kierownica skórzana"",""kierownica wielofunkcyjna"",""kierownica ze sterowaniem radia"",""klimatyzacja automatyczna, dwustrefowa"",""klimatyzacja dla pasażerów z tyłu"",""podgrzewana przednia szyba"",""podgrzewany fotel kierowcy"",""podgrzewany fotel pasażera"",""podłokietniki - przód"",""podłokietniki - tył"",""przyciemniane tylne szyby"",""tapicerka materiałowa"",""uruchamianie silnika bez użycia kluczyków"",""system odzyskiwania energii"",""asystent hamowania - Brake Assist"",""czujnik zmierzchu"",""elektroniczna kontrola ciśnienia w oponach"",""kamera parkowania tył"",""kontrola odległości z przodu (przy parkowaniu)"",""kontrola odległości z tyłu (przy parkowaniu)"",""kontrola trakcji"",""lampy przednie w technologii LED"",""lampy tylne w technologii LED"",""Lane assist - kontrola zmiany pasa ruchu"",""lusterka boczne składane elektrycznie"",""lusterka boczne ustawiane elektrycznie"",""ogranicznik prędkości"",""podgrzewane lusterka boczne"",""swiatła do jazdy dziennej diodowe LED"",""system rozpoznawania znaków drogowych"",""system Start/Stop"",""tempomat"",""wspomaganie kierownicy"",""wspomaganie ruszania pod górę- Hill Holder"",""alufelgi"",""ABS"",""asystent pasa ruchu"",""boczna poduszka powietrzna kierowcy"",""boczne poduszki powietrzne - przód"",""ESP (stabilizacja toru jazdy)"",""Isofix (punkty mocowania fotelika dziecięcego)"",""kurtyny powietrzne - przód"",""poduszka powietrzna kierowcy"",""poduszka powietrzna pasażera"",""system hamowania awaryjnego dla ochrony pieszych"",""system wspomagania hamowania"",""system wykrywania zmęczenie kierowcy"",""elektryczny hamulec postojowy"",""asystent hamowania awaryjnego w mieście"",""system ostrzegający o możliwej kolizji""]","[""bezwypadkowy"",""pierwszy właściciel"",""serwisowany w ASO"",""zarejestrowany w Polsce"",""weryfikacja danych otomoto.pl""]","[""AUTOMARKET""]","{""1"":[],""2"":[]}",,"[{""id"":2952,""car_id"":64921,""type_id"":3,""tire_brand_id"":0,""name"":null,""tread"":6,""width"":215,""profile"":50,""diameter"":17,""created_at"":""2026-06-03T12:02:54.000000Z"",""updated_at"":""2026-06-08T16:04:58.000000Z"",""deleted_at"":null,""type_name"":""całoroczna"",""brand_name"":"""",""tire_brand"":null}]",,,[],[],"{""id"":1653,""model_id"":485,""name"":""Mk4"",""deleted_at"":null}",osobowe,kombi,przedni,benzyna,automatyczna,czarny,metalik,Polska,Grupa Bemo Samochody Używane,https://webapi.grupabemo.csflow.pl/car-photo/64921/sm-GrlS3pIf4tLOTtWm.jpg,https://webapi.grupabemo.csflow.pl/car-photo/64921/sm-GrlS3pIf4tLOTtWm.jpg,0,,,[93],,,"[""https://webapi.grupabemo.csflow.pl/car-photo/64921/sm-GrlS3pIf4tLOTtWm.jpg"",""https://webapi.grupabemo.csflow.pl/car-photo/64921/sm-E4PFbXba4Z3wDyQ5.jpg"",""https://webapi.grupabemo.csflow.pl/car-photo/64921/sm-XFgTNex3mpPkhawc.jpg"",""https://webapi.grupabemo.csflow.pl/car-photo/64921/sm-iTiJqfh5M18yD8JY.jpg"",""https://webapi.grupabemo.csflow.pl/car-photo/64921/sm-HLl4aH0erb4sUkbz.jpg"",""https://webapi.grupabemo.csflow.pl/car-photo/64921/sm-pm9O2hzV4RT1kDPt.jpg"",""https://webapi.grupabemo.csflow.pl/car-photo/64921/sm-nChy8dy4bjsSVuAb.jpg"",""https://webapi.grupabemo.csflow.pl/car-photo/64921/sm-KkKysWhVnDLFZZoG.jpg"",""https://webapi.grupabemo.csflow.pl/car-photo/64921/sm-74TC5cna6VOWRzng.jpg"",""https://webapi.grupabemo.csflow.pl/car-photo/64921/sm-t4Ddwizeh3LlYLq0.jpg"",""https://webapi.grupabemo.csflow.pl/car-photo/64921/sm-HWjKStsvjQsN4ZtJ.jpg"",""https://webapi.grupabemo.csflow.pl/car-photo/64921/sm-OVE21q0WqQpdyna8.jpg"",""https://webapi.grupabemo.csflow.pl/car-photo/64921/sm-YDNcVCADyHsPsbSC.jpg"",""https://webapi.grupabemo.csflow.pl/car-photo/64921/sm-RGg5KIThV67eKsKi.jpg"",""https://webapi.grupabemo.csflow.pl/car-photo/64921/sm-hJFaynlfIIjnK9VQ.jpg"",""https://webapi.grupabemo.csflow.pl/car-photo/64921/sm-046YlwjLU2fQpFr9.jpg"",""https://webapi.grupabemo.csflow.pl/car-photo/64921/sm-SiJiSPJKI3z0HdCD.jpg"",""https://webapi.grupabemo.csflow.pl/car-photo/64921/sm-TuMbFQxLwMn1Y5nC.jpg"",""https://webapi.grupabemo.csflow.pl/car-photo/64921/sm-g14Ze0671LWcPwrS.jpg"",""https://webapi.grupabemo.csflow.pl/car-photo/64921/sm-1mLpVKV9mQHjvKtL.jpg"",""https://webapi.grupabemo.csflow.pl/car-photo/64921/sm-BLfiQqM6ShHdMW0c.jpg"",""https://webapi.grupabemo.csflow.pl/car-photo/64921/sm-pcOLg2iOmT4cQsX3.jpg"",""https://webapi.grupabemo.csflow.pl/car-photo/64921/sm-KaJohQjpxr1YKxok.jpg"",""https://webapi.grupabemo.csflow.pl/car-photo/64921/sm-bN9h82c6a0TNL5N3.jpg"",""https://webapi.grupabemo.csflow.pl/car-photo/64921/sm-svG6yhLg9rKiBC0P.jpg"",""https://webapi.grupabemo.csflow.pl/car-photo/64921/sm-LJykbhEdEQrIA6IT.jpg"",""https://webapi.grupabemo.csflow.pl/car-photo/64921/sm-5OiDPsffaZP6d9gd.jpg"",""https://webapi.grupabemo.csflow.pl/car-photo/64921/sm-dgNHTCH2GfzcJUHF.jpg"",""https://webapi.grupabemo.csflow.pl/car-photo/64921/sm-KaO9bnUJruyXzPVY.jpg"",""https://webapi.grupabemo.csflow.pl/car-photo/64921/sm-VEZzzAJE7oH1j3qj.jpg"",""https://webapi.grupabemo.csflow.pl/car-photo/64921/sm-03i8K1fOGp8B1w4t.jpg"",""https://webapi.grupabemo.csflow.pl/car-photo/64921/sm-tCtRpcPwJ3CgcVHz.jpg"",""https://webapi.grupabemo.csflow.pl/car-photo/64921/sm-50HnuPCSqroLFtmj.jpg"",""https://webapi.grupabemo.csflow.pl/car-photo/64921/sm-WZFNcAUGGnKAIQQd.jpg""]",,,Volkswagen,Poznań,ul. Opłotki 15,60-012,618909099
64920,2,6,1,51,13023,0,35,485,1653,1004,3001,2002,4002,5012,10002,9001,1,2025,,,,,,,999,,,155,33767,5,5,ST-LINE,153783,,,,,,,,,,,,,,GD2U287,2025-05-28,WF0PXXGCHPSB17968,,,96900,0,0,0,0,0,1.0 MHEV 155KM St-Line Automat Salon PL 1właściciel Vat 23% Gwarancja,"<b>Poniższy samochód pochodzi z oferty GB Samochody Używane.</b>
<b>W ramach Grupy Bemo możesz wybierać spośród starannie wyselekcjonowanego portfolio blisko 1000 samochodów używanych, mając pewność:</b>

• gwarancji pewnego pochodzenia pojazdów
• gwarancji stanu technicznego i prawnego
• zakupu samochodu od firmy działającej ponad 30 lat na rynku

<b>Grupa Bemo to jedna z największych i najbardziej doświadczonych grup</b>
<b>dealerskich w Polsce, posiadająca ponad 30 lokalizacji autoryzowanych salonów</b>
<b>i serwisów mechanicznych oraz blacharsko-lakierniczych w całej Polsce.</b>
<b>Wybierz ofertę GB Samochody Używane i korzystaj:</b>

• z możliwości kontroli stanu technicznego w warunkach autoryzowanego serwisu
• z profesjonalnej obsługi przez cały proces zakupu, a także po nim
• z możliwości dobrania dogodnej formy finansowania

<b>Dostępne dla Ciebie formy płatności:</b>

• kredyt – uproszczone procedury, bez zaświadczeń i z szybką decyzją
• kredyt 50/50
• leasing – także dla nowo powstałych firm
• przelew/gotówka
• pozostawienie w rozliczeniu samochodów używanych wszystkich marek

<b>Porozmawiajmy o dodatkowym rabacie, jeśli wybierzesz oferowane przez nas finansowanie lub ubezpieczenie.</b>


<b>Stan techniczny i historia pojazdu:</b>

• Kraj pochodzenia: Polska
• Bezwypadkowy
• Gwarancja fabryczna 
• VIN: WF0PXXGCHPSB17968
• Numer rejestracyjny: GD2U287
• Pierwsza rejestracja: 2025-05-28
• Rok produkcji: 2025

<b>Oferowany samochód:</b>

• Ford Focus
• Silnik: 1.0 EcoBoost MHEV 155 KM
• Napęd: na przednie koła FWD
• Skrzynia biegów: Automatyczna 7 biegowa
• Wersja wyposażenia: ST-Line
• Lakier: srebrny 
• Przebieg: 33767 km

<b>Ważniejsze elementy wyposażenia:
</b> 
- Elektroniczny układ stabilizacji toru jazdy – z układem kontroli trakcji i układem ułatwiającym ruszanie na wzniesieniach  i funkcją automatycznego hamowania po kolizji
- Elektryczny hamulec postojowy
- Inteligentny ogranicznik prędkości
- ISOFIX 
- Lane Keeping Alert (zawiera: Lane Keeping Aid (system wspomagający utrzymanie pojazdu na pasie ruchu)
- Boczne kurtyny powietrzne chroniące osoby w 1. i 2. rzędzie siedzeń
- Poduszki boczne dla kierowcy i pasażera z przodu
- Poduszki czołowe dla kierowcy i pasażera z przodu
- Pre-Collision Assist - działajacy w oparciu o informacje z kamery przedniej system wspomagający kierowcę w unikaniu lub zmniejszaniu skutków kolizji z poprzedzającymi pojazdami, pieszymi lub rowerzystami (zawiera: Forward Collision Warning, Dynamic Brake Support, Autonomous Emergency Braking)
- System monitorowania ciśnienia w oponach 
- System wyboru trybu jazdy
- System audio z SYNC4 , DAB+ i nawigacją satelitarną – kolorowy wyświetlacz dotykowy 13.2"", bezprzewodowa obsługa Apple CarPlay i Android Auto (wymaga kompatybilnego telefonu), zestaw głośnomówiący z Bluetooth®, obsługa głosowa w języku polskim, 6 głośników, zdalne sterowanie na kierownicy
- Klimatyzacja - dwustrefowa z automatyczną regulacją temperatury 
- Bezprzewodowa ładowarka do smartfonów 
- gniazda USB
- Lusterko wsteczne – automatycznie ściemniające się
- Przycisk rozrusznika – Ford Power
- Szyby – elektrycznie sterowane szyby przednich i tylnych drzwi, opuszczane i podnoszone jednym naciśnięciem przycisku, z czujnikami przeszkody, z funkcją całkowitego otwierania i zamykania wszystkich szyb
- Tempomat
- Kierownica - trójramienna, spłaszczona u dołu, wykończona skórą ekologiczną Sensico z czerwonymi przeszyciami
- Podsufitka - w ciemnej tonacji
- Uchwyt dźwigni zmiany biegów – wykończony skórą
- Fotel kierowcy - regulacja podparcia odcinka lędźwiowego, ręczna regulacja położenia w 4. kierunkach (góra-dół, przód-tył)
- Centralny zamek – sterowany pilotem
- Ford KeyFree - system centralnego zamka z kluczem elektronicznym (umożliwia otwarcie drzwi i uruchomienie pojazdu bez tradycyjnego kluczyka;
- Zawieszenie - sportowe ST-Line X
- Przyciemniane szyby – w tylnej części nadwozia
- Lusterka boczne – sterowane, podgrzewane i składane elektrycznie, z lampkami oświetlającymi podłoże, obudowy lakierowane w kolorze nadwozia
- Sportowa końcówka układu wydechowego
- Obręcze kół ze stopów lekkich – 17"", wzór 5-ramienny, ogumienie 215/50 
- Czujniki parkowania – z tyłu i z przodu
- Kamera ułatwiająca parkowanie - z tyłu
- Reflektory - Full LED, statyczne (swiatła dzienne, mijania, drogowe, zintegrowane światła przeciwmgielne oraz kierunkowskazy w technologii LED)
- Reflektory - światla przeciwmgielne LED z funkcją doświetlania zakrętów zintegrowane w reflektorach głównych (dla wersji ST X opcja dostępna z refletkorami statyczymi LED 
- Reflektory automatyczne – włączające się automatycznie w zależności od poziomu natężenia światła
- Wycieraczki przedniej szyby – sterowane automatycznie, z czujnikiem deszczu
- Pakiet Winter:
• przednie fotele - podgrzewane, z regulacją temperatury
• przednia szyba - podgrzewana (Quickclear)
• kierownica - podgrzewana

<b>PRZED PRZYJAZDEM PROSZĘ KONTAKT:</b>

<b>Mateusz Krużowski</b>
Kom: +48 697 900 261
e-mail: mateusz.kruzowski(a)grupabemo.pl

<b>Patrycja Rydlewska </b>
Kom: +48 573 600 832
e-mail: patrycja.rydlewska@auto-club.pl

-----------------------------------------------------------------------------------

<b>Miejsce ekspozycji auta:
Auto Club - Autoryzowany Dealer i Serwis Peugeot
ul. Opłotki 15, 60-012 Poznań</b>

nasza pełna oferta na stronie : <b>www.grupabemo.pl</b>

-----------------------------------------------------------------------------------

*Wszelkie informacje prezentowane w niniejszym ogłoszeniu przeznaczone są tylko dla celów informacyjnych i nie stanowią oferty w rozumieniu art. 66 § 1 Kodeksu cywilnego, a także nie mają charakteru wiążącego. Wiążące ustalenia dot. ceny, wyposażenia i specyfikacji pojazdu dokonane mogą być jedynie w umowie sprzedaży. Informacje przedstawione w ogłoszeniu nie stanowią także zapewnienia w rozumieniu art. 556(1) § 2 Kodeksu cywilnego oraz art. 43b ust. 2 pkt 2 lit. a-c Ustawy o prawach konsumenta.",,,,,,,,,https://www.otomoto.pl/osobowe/oferta/ford-focus-1-0-mhev-155km-st-line-automat-salon-pl-1wlasciciel-vat-23-gwarancja-ID6I68I5.html,0,1,1,1,1,1,0,1,0,0,,4,0,0,34,2026-06-08 15:40:13,,,2026-06-03 07:36:48,2026-06-08 16:04:48,,,,0,,,,,Poznaniu,Ford,Focus,Mk4,,,ford-focus-2025,,1,0,,,,"{""id"":35,""type_id"":1,""name"":""Ford"",""deleted_at"":null,""fullname"":""Ford""}","{""id"":485,""brand_id"":35,""series_id"":null,""name"":""Focus"",""deleted_at"":null,""series"":null}",https://webapi.grupabemo.csflow.pl/car-photo/64920/rx9h3BG8GMpyj9oX.jpg,"[""Android Auto"",""Apple CarPlay"",""bluetooth"",""ekran dotykowy"",""gniazdo USB"",""radio"",""Sterowanie funkcjami pojazdu za pomocą głosu"",""system nagłośnienia"",""System nawigacji satelitarnej"",""Zestaw głośnomówiący"",""czujnik deszczu"",""dźwignia zmiany biegów wykończona skórą"",""elektryczne szyby przednie"",""elektryczne szyby tylne"",""keyless Go"",""kierownica ogrzewana"",""kierownica skórzana"",""kierownica wielofunkcyjna"",""kierownica ze sterowaniem radia"",""klimatyzacja automatyczna, dwustrefowa"",""podgrzewany fotel kierowcy"",""podgrzewany fotel pasażera"",""podłokietniki - przód"",""podłokietniki - tył"",""przyciemniane tylne szyby"",""tapicerka materiałowa"",""system odzyskiwania energii"",""aktywne rozpoznawanie znaków ograniczenia prędkośc"",""asystent świateł drogowych"",""czujnik zmierzchu"",""kamera parkowania tył"",""kontrola odległości z przodu (przy parkowaniu)"",""kontrola odległości z tyłu (przy parkowaniu)"",""kontrola trakcji"",""lampy przednie w technologii LED"",""lampy tylne w technologii LED"",""lusterka boczne składane elektrycznie"",""lusterka boczne ustawiane elektrycznie"",""ogranicznik prędkości"",""podgrzewane lusterka boczne"",""swiatła do jazdy dziennej diodowe LED"",""system rozpoznawania znaków drogowych"",""system Start/Stop"",""tempomat"",""wspomaganie kierownicy"",""wspomaganie ruszania pod górę- Hill Holder"",""alufelgi"",""ABS"",""asystent hamowania awaryjnego w mieście"",""asystent pasa ruchu"",""boczna poduszka powietrzna kierowcy"",""boczne poduszki powietrzne - przód"",""ESP (stabilizacja toru jazdy)"",""Isofix (punkty mocowania fotelika dziecięcego)"",""kurtyny powietrzne - przód"",""poduszka powietrzna kierowcy"",""poduszka powietrzna pasażera"",""system hamowania awaryjnego dla ochrony pieszych"",""system wspomagania hamowania"",""system wykrywania zmęczenie kierowcy"",""asystent hamowania - Brake Assist"",""elektroniczna kontrola ciśnienia w oponach"",""elektryczny hamulec postojowy"",""Lane assist - kontrola zmiany pasa ruchu"",""aktywny asystent hamowania awaryjnego"",""system ostrzegający o możliwej kolizji""]","[""bezwypadkowy"",""pierwszy właściciel"",""serwisowany w ASO"",""zarejestrowany w Polsce"",""weryfikacja danych otomoto.pl""]","[""AUTOMARKET""]","{""1"":[],""2"":[]}",,"[{""id"":2982,""car_id"":64920,""type_id"":3,""tire_brand_id"":0,""name"":null,""tread"":6,""width"":215,""profile"":50,""diameter"":17,""created_at"":""2026-06-08T14:03:46.000000Z"",""updated_at"":""2026-06-08T16:04:52.000000Z"",""deleted_at"":null,""type_name"":""całoroczna"",""brand_name"":"""",""tire_brand"":null}]",,,[],[],"{""id"":1653,""model_id"":485,""name"":""Mk4"",""deleted_at"":null}",osobowe,kombi,przedni,benzyna,automatyczna,srebrny,metalik,Polska,Grupa Bemo Samochody Używane,https://webapi.grupabemo.csflow.pl/car-photo/64920/sm-rx9h3BG8GMpyj9oX.jpg,https://webapi.grupabemo.csflow.pl/car-photo/64920/sm-rx9h3BG8GMpyj9oX.jpg,0,,,[93],,,"[""https://webapi.grupabemo.csflow.pl/car-photo/64920/sm-rx9h3BG8GMpyj9oX.jpg"",""https://webapi.grupabemo.csflow.pl/car-photo/64920/sm-M7jq3UhKfp9D5FSM.jpg"",""https://webapi.grupabemo.csflow.pl/car-photo/64920/sm-E0aGIaFdvID1OSYL.jpg"",""https://webapi.grupabemo.csflow.pl/car-photo/64920/sm-LWHoQFaAFLUzQalW.jpg"",""https://webapi.grupabemo.csflow.pl/car-photo/64920/sm-oFsVupxLHLc0bgXw.jpg"",""https://webapi.grupabemo.csflow.pl/car-photo/64920/sm-RiPVhE2D1AcbzcJ5.jpg"",""https://webapi.grupabemo.csflow.pl/car-photo/64920/sm-zyk33i68fx4b1QD9.jpg"",""https://webapi.grupabemo.csflow.pl/car-photo/64920/sm-D0Yrv7uHS9Leaa2M.jpg"",""https://webapi.grupabemo.csflow.pl/car-photo/64920/sm-egoEja3Ral4whoSh.jpg"",""https://webapi.grupabemo.csflow.pl/car-photo/64920/sm-89wzcUIUg0Q6I0Am.jpg"",""https://webapi.grupabemo.csflow.pl/car-photo/64920/sm-qqAv0eeUMOX2zDuW.jpg"",""https://webapi.grupabemo.csflow.pl/car-photo/64920/sm-UXcwwVrnbVqQZmgK.jpg"",""https://webapi.grupabemo.csflow.pl/car-photo/64920/sm-k4qyf7D38xgkezm3.jpg"",""https://webapi.grupabemo.csflow.pl/car-photo/64920/sm-J3RCGKJVM1ILj0WR.jpg"",""https://webapi.grupabemo.csflow.pl/car-photo/64920/sm-CsEZz4IJ9Rl3PVFh.jpg"",""https://webapi.grupabemo.csflow.pl/car-photo/64920/sm-WMxaRNbyTpkm95bn.jpg"",""https://webapi.grupabemo.csflow.pl/car-photo/64920/sm-isMXbWtQtWMeKNAM.jpg"",""https://webapi.grupabemo.csflow.pl/car-photo/64920/sm-z4Q7n1KWH6K4dBy0.jpg"",""https://webapi.grupabemo.csflow.pl/car-photo/64920/sm-nxLUsXMWyzmdozZn.jpg"",""https://webapi.grupabemo.csflow.pl/car-photo/64920/sm-uaL6KVgTrMlTI7Dg.jpg"",""https://webapi.grupabemo.csflow.pl/car-photo/64920/sm-Fm4jHCsxmwZaL6fM.jpg"",""https://webapi.grupabemo.csflow.pl/car-photo/64920/sm-O5gv6eNL6NJ5q5FT.jpg"",""https://webapi.grupabemo.csflow.pl/car-photo/64920/sm-TpK3CwnVM17P2Vju.jpg"",""https://webapi.grupabemo.csflow.pl/car-photo/64920/sm-BoenhT2PpW7JV2Gv.jpg"",""https://webapi.grupabemo.csflow.pl/car-photo/64920/sm-K0ZwuC7T5Cj98h3W.jpg"",""https://webapi.grupabemo.csflow.pl/car-photo/64920/sm-djAxaQQXL9hthGBk.jpg"",""https://webapi.grupabemo.csflow.pl/car-photo/64920/sm-Ja7NwNrmJ6OpkBVO.jpg"",""https://webapi.grupabemo.csflow.pl/car-photo/64920/sm-2rMM73mGehdkFiH4.jpg"",""https://webapi.grupabemo.csflow.pl/car-photo/64920/sm-Z1RoB6mhsmJn94D1.jpg"",""https://webapi.grupabemo.csflow.pl/car-photo/64920/sm-Nq8IjElyB2jKmrL0.jpg"",""https://webapi.grupabemo.csflow.pl/car-photo/64920/sm-95j2kMIcwfcMws6g.jpg"",""https://webapi.grupabemo.csflow.pl/car-photo/64920/sm-809j70WpLXBc1XJn.jpg"",""https://webapi.grupabemo.csflow.pl/car-photo/64920/sm-cm5XlV2ivOq8VtWA.jpg"",""https://webapi.grupabemo.csflow.pl/car-photo/64920/sm-rmq4WPeBA2GMw0IB.jpg""]",,,Volkswagen,Poznań,ul. Opłotki 15,60-012,618909099
64856,2,6,1,59,13023,0,35,485,1653,1004,3001,2001,4002,5010,10002,9001,1,2025,,,,,,,1498,,,115,27073,5,5,TITANIUM X + PAKIET WINTER,,,,,,,,,,,,,,,WA4937K,2025-05-07,WF0PXXGCHPSM06594,,,94900,0,0,0,0,0,1.5 EcoBlue 115KM AT Titanium X Salon PL ASO FV23% Gwarancja Fabryczna,"<b>Miejsce ekspozycji auta:</b>
Grupa Bemo samochody używane - Szczecin ul. Pomorska 115B
70-812 Szczecin 

<b>PRZED PRZYJAZDEM PROSZĘ KONTAKT:</b>

<b>Michał Misztal</b>
Kom: +48 609 720 191
e-mail: michal.misztal@bemo-motors.pl

<b>Wojciech Usarek</b>
Kom: +48 697 900 268
e-mail: wojciech.usarek@bemo-motors.pl

<b>Szanowny kliencie!</b>
 
<b>Prosimy o kontakt telefoniczny lub mailowy przed planowanym przyjazdem do naszej firmy, w celu potwierdzenia dostępności pojazdu.</b>
<b> </b>
<b>Poniższy samochód pochodzi z oferty GB Samochody Używane. W ramach Grupy Bemo możesz wybierać spośród starannie wyselekcjonowanego portfolio blisko 1000 samochodów używanych, mając pewność:</b>
• gwarancji pewnego pochodzenia pojazdów
• gwarancji stanu technicznego i prawnego
• zakupu samochodu od firmy działającej ponad 30 lat na rynku
<b>Grupa Bemo to jedna z największych i najbardziej doświadczonych grup dealerskich w Polsce, posiadająca ponad 30 lokalizacji autoryzowanych salonów i serwisów mechanicznych oraz blacharsko-lakierniczych w całej Polsce. </b>
<b> </b>
<b>Wybierz ofertę GB Samochody Używane i korzystaj:</b>
• z możliwości kontroli stanu technicznego w warunkach autoryzowanego serwisu
• z profesjonalnej obsługi przez cały proces zakupu, a także po nim
• z możliwości dobrania dogodnej formy finansowania
-------------------------------------------------------------
<b>DOSTĘPNE DLA CIEBIE FORMY PŁATNOŚCI:</b>
-------------------------------------------------------------
• Wszystkie formy udzielenia kredytu i leasingu na miejscu
• Kredyt - uproszczone procedury, bez zaświadczeń i z szybką decyzją
• Kredyt 50/50
• Leasing - nawet dla nowo powstałych firm, długi okres leasingowania, bardzo szybka decyzja,
• Przelew/gotówka (Płatność gotówką do kwoty 40 000zł - zgodnie z Unijnym limitem płatności gotówkowych)
• Pozostawienie w rozliczeniu samochodów wszystkich marek
<b>Porozmawiajmy o dodatkowym rabacie, jeśli wybierzesz oferowane przez nas finansowanie lub ubezpieczenie</b>
-----------------------------------------------------------------------------------
<b>ZAPEWNIAMY PEŁNĄ OBSŁUGĘ W ZAKRESIE UBEZPIECZEŃ:</b>
-----------------------------------------------------------------------------------
• Promocyjne pakiety ubezpieczeń.
• Wszystkie formalności załatwisz w naszym salonie. - 
 Joanna Nowicka Kom: +48 697 954 914
 Anna Maciąg Kom: +48 665 388 451
----------------------------------------------------------------------------------------------
<b>PRZYJMUJEMY W ROZLICZENIU SAMOCHODY WSZYSTKICH MAREK</b>
----------------------------------------------------------------------------------------------
<b>OFEROWANY SAMOCHÓD: </b>

Marka, Model: Ford Focus
Silnik: 1.0. EcoBlue, diesel 115KM
Skrzynia biegów: Automatyczna, 8-mio biegowa 
Wersja wyposażenia: Titanium X + Pakiet Winter
Forma sprzedaży: Faktura vat 23%

<b>STAN TECHNICZNY I HISTORIA POJAZDU:</b>

- historia serwisowa w ASO z udokumentowanym przebiegiem
- VIN: WF0PXXGCHPSM06594
- I rejestracja: 07.05.2025
- Numer rej: WA4937K
- Kraj pochodzenia: Polska 
- Istnieje możliwość dokupienia dodatkowej gwarancji
-<b>Gwarancja fabryczna z możliwością przedłużenia</b>

<b>WAŻNIEJSZE ELEMENTY WYPOSAŻENIA:</b>

-Apple CarPlay

-Android Auto

-Interfejs Bluetooth

-Gniazdo USB

-System nawigacji satelitarnej

-Ekran dotykowy

-Tapicerka materiałowa

-Podgrzewany fotel kierowcy

-Podgrzewany fotel pasażera

-Ogrzewane siedzenia tylne

-Podłokietniki - przód

-Kierownica skórzana

-Kierownica ze sterowaniem radia

-Kierownica wielofunkcyjna

-Kierownica ogrzewana

-Cyfrowy kluczyk

-Keyless entry

-Keyless Go

-Uruchamianie silnika bez użycia kluczyków

-Czujnik deszczu

-Podgrzewana przednia szyba

-Elektryczne szyby przednie

-Elektryczne szyby tylne

-Kontrola odległości z przodu (przy parkowaniu)

-Kontrola odległości z tyłu (przy parkowaniu)

-Kamera parkowania tył

-Lusterka boczne ustawiane elektrycznie

-Podgrzewane lusterka boczne

-Lane assist - kontrola zmiany pasa ruchu

-Ogranicznik prędkości

-Kontrola trakcji

-Wspomaganie ruszania pod górę- Hill Holder

-System rozpoznawania znaków drogowych

-Czujnik zmierzchu

-Światła do jazdy dziennej diodowe LED

-Lampy przednie w technologii LED

-Lampy tylne w technologii LED

-Lampy przeciwmgielne

-System Start/Stop

-Elektroniczna kontrola ciśnienia w oponach

-Elektryczny hamulec postojowy

-Wspomaganie kierownicy

-ABS

-ESP

-Asystent pasa ruchu

-Poduszka powietrzna kierowcy

-Poduszka powietrzna pasażera

-Isofix (punkty mocowania fotelika dziecięcego)

nasza pełna oferta na stronie : www.grupabemo.pl
 
***
Wszelkie informacje prezentowane w niniejszym ogłoszeniu przeznaczone są tylko dla celów informacyjnych i nie stanowią oferty w rozumieniu art. 66 § 1 Kodeksu cywilnego, a także nie mają charakteru wiążącego. Wiążące ustalenia dot. ceny, wyposażenia i specyfikacji pojazdu dokonane mogą być jedynie w umowie sprzedaży. Informacje przedstawione w ogłoszeniu nie stanowią także zapewnienia w rozumieniu art. 556(1) § 2 Kodeksu cywilnego oraz art. 43b ust. 2 pkt 2 lit. a-c Ustawy o prawach konsumenta.

***",,,,,,,,,https://www.otomoto.pl/osobowe/oferta/ford-focus-1-5-ecoblue-115km-at-titanium-x-salon-pl-aso-fv23-gwarancja-fabryczna-ID6I5Zx9.html,0,1,1,1,1,1,0,1,0,0,,4,0,0,23,2026-06-03 10:14:42,,,2026-06-02 12:04:26,2026-06-05 11:02:22,,,,0,,,,,,Ford,Focus,Mk4,,,ford-focus-2025,,1,0,,,,"{""id"":35,""type_id"":1,""name"":""Ford"",""deleted_at"":null,""fullname"":""Ford""}","{""id"":485,""brand_id"":35,""series_id"":null,""name"":""Focus"",""deleted_at"":null,""series"":null}",https://webapi.grupabemo.csflow.pl/car-photo/64856/sAHdCJNUzKisPDTm.jpg,"[""ABS"",""aktywny asystent zmiany pasa ruchu"",""alufelgi"",""Android Auto"",""Apple CarPlay"",""asystent pasa ruchu"",""asystent świateł drogowych"",""bluetooth"",""boczne poduszki powietrzne - przód"",""boczne poduszki powietrzne - tył"",""czujnik deszczu"",""czujnik zmierzchu"",""ekran dotykowy"",""elektroniczna kontrola ciśnienia w oponach"",""elektryczne szyby przednie"",""elektryczne szyby tylne"",""elektryczny hamulec postojowy"",""ESP (stabilizacja toru jazdy)"",""gniazdo USB"",""Isofix (punkty mocowania fotelika dziecięcego)"",""kamera parkowania tył"",""keyless entry"",""keyless Go"",""kierownica ogrzewana"",""kierownica skórzana"",""kierownica wielofunkcyjna"",""kierownica ze sterowaniem radia"",""klimatyzacja automatyczna, dwustrefowa"",""kontrola odległości z przodu (przy parkowaniu)"",""kontrola odległości z tyłu (przy parkowaniu)"",""kurtyny powietrzne - przód"",""kurtyny powietrzne - tył"",""lampy doświetlające zakręt"",""lampy przednie w technologii LED"",""lampy tylne w technologii LED"",""Lane assist - kontrola zmiany pasa ruchu"",""lusterka boczne składane elektrycznie"",""lusterka boczne ustawiane elektrycznie"",""oświetlenie drogi do domu"",""Park Assistant - asystent parkowania"",""podgrzewana przednia szyba"",""podgrzewane lusterka boczne"",""podgrzewany fotel kierowcy"",""podgrzewany fotel pasażera"",""podłokietniki - przód"",""podłokietniki - tył"",""poduszka powietrzna kierowcy"",""przyciemniane tylne szyby"",""radio"",""Sterowanie funkcjami pojazdu za pomocą głosu"",""swiatła do jazdy dziennej diodowe LED"",""System nawigacji satelitarnej"",""system rekomendacji przerw podczas trasy"",""system rozpoznawania znaków drogowych"",""system Start/Stop"",""system wykrywania zmęczenie kierowcy"",""tapicerka materiałowa"",""tempomat"",""wspomaganie kierownicy""]","[""bezwypadkowy"",""pierwszy właściciel"",""serwisowany w ASO"",""zarejestrowany w Polsce"",""weryfikacja danych otomoto.pl""]","[""Zweryfikowano"",""AUTOMARKET""]","{""1"":[],""2"":[]}",,[],,,[],[],"{""id"":1653,""model_id"":485,""name"":""Mk4"",""deleted_at"":null}",osobowe,kombi,przedni,diesel,automatyczna,niebieski,metalik,Polska,Grupa Bemo Samochody Używane,https://webapi.grupabemo.csflow.pl/car-photo/64856/sm-sAHdCJNUzKisPDTm.jpg,https://webapi.grupabemo.csflow.pl/car-photo/64856/sm-sAHdCJNUzKisPDTm.jpg,0,,,"[90,93]",,,"[""https://webapi.grupabemo.csflow.pl/car-photo/64856/sm-sAHdCJNUzKisPDTm.jpg"",""https://webapi.grupabemo.csflow.pl/car-photo/64856/sm-LsuSImwivfOGvZkO.jpg"",""https://webapi.grupabemo.csflow.pl/car-photo/64856/sm-CaeiR15ZvawDGbR3.jpg"",""https://webapi.grupabemo.csflow.pl/car-photo/64856/sm-CAGFEsFGPGmtHJzX.jpg"",""https://webapi.grupabemo.csflow.pl/car-photo/64856/sm-LmDs4OFzpdgZHYhA.jpg"",""https://webapi.grupabemo.csflow.pl/car-photo/64856/sm-nYXIGhR4JIu2ltU1.jpg"",""https://webapi.grupabemo.csflow.pl/car-photo/64856/sm-UB5HfwZQDjjzkSLL.jpg"",""https://webapi.grupabemo.csflow.pl/car-photo/64856/sm-i5nhn8urT0HO8yxp.jpg"",""https://webapi.grupabemo.csflow.pl/car-photo/64856/sm-uCtZgNKH64CKpeE1.jpg"",""https://webapi.grupabemo.csflow.pl/car-photo/64856/sm-utW5bXaB5Td0ex3Y.jpg"",""https://webapi.grupabemo.csflow.pl/car-photo/64856/sm-Huc6RFuAoKkKKo14.jpg"",""https://webapi.grupabemo.csflow.pl/car-photo/64856/sm-KLn6RlDXN2R7a5gs.jpg"",""https://webapi.grupabemo.csflow.pl/car-photo/64856/sm-xwX7oUpwUp4rMlgo.jpg"",""https://webapi.grupabemo.csflow.pl/car-photo/64856/sm-isEiKzGXu4onZrFb.jpg"",""https://webapi.grupabemo.csflow.pl/car-photo/64856/sm-BJON8bwlinh3TZWL.jpg"",""https://webapi.grupabemo.csflow.pl/car-photo/64856/sm-Kdw39rqKCH2ugOi9.jpg"",""https://webapi.grupabemo.csflow.pl/car-photo/64856/sm-IN0sq4qLpdmn8kDy.jpg"",""https://webapi.grupabemo.csflow.pl/car-photo/64856/sm-UE5QX2mVr0WT8KhK.jpg"",""https://webapi.grupabemo.csflow.pl/car-photo/64856/sm-fvEPTJpLim16VylX.jpg"",""https://webapi.grupabemo.csflow.pl/car-photo/64856/sm-Vs2nd7rrWMlDOZ6x.jpg"",""https://webapi.grupabemo.csflow.pl/car-photo/64856/sm-W151uJVaZM9lEtSv.jpg"",""https://webapi.grupabemo.csflow.pl/car-photo/64856/sm-zqCvEknoydCesQOL.jpg"",""https://webapi.grupabemo.csflow.pl/car-photo/64856/sm-kupUbilyikvpq4hQ.jpg""]",,,Volkswagen,Szczecin,ul. Pomorska 115B,70-812,618909097
